{
    "sourceFile": "src/stores/counter.js",
    "activeCommit": 0,
    "commits": [
        {
            "activePatchIndex": 0,
            "patches": [
                {
                    "date": 1691381589415,
                    "content": "Index: \n===================================================================\n--- \n+++ \n"
                }
            ],
            "date": 1691381589415,
            "name": "Commit-0",
            "content": "import { defineStore } from 'pinia'\r\nimport { ref } from 'vue'\r\n\r\nexport const usePlaneData = defineStore(\"planeData\", {\r\n  state: () => ({\r\n    planeData: [\r\n      {\r\n        \"id\": 1,\r\n        \"flight\": {\r\n          \"departure\": \"BNE\",\r\n          \"destination\": \"SYD\",\r\n          \"flightNumber\": \"RS 11\",\r\n          \"duration\": \"2h 30m\"\r\n        },\r\n        \"date\": \"09/06/2023\",\r\n        \"departureTime\": \"17:45\",\r\n        \"passenger\": \"John Doe\",\r\n        \"gateSeat\": \"A1/1A\",\r\n        \"qrcode\": \"https://upload.wikimedia.org/wikipedia/commons/thumb/4/4e/QRcode_image.svg/1200px-QRcode_image.svg.png\"\r\n      },\r\n      {\r\n        \"id\": 2,\r\n        \"flight\": {\r\n          \"departure\": \"SYD\",\r\n          \"destination\": \"MEL\",\r\n          \"flightNumber\": \"RS 12\",\r\n          \"duration\": \"3h 30m\"\r\n        },\r\n        \"date\": \"10/06/2023\",\r\n        \"departureTime\": \"12:30\",\r\n        \"passenger\": \"Jane Smith\",\r\n        \"gateSeat\": \"B2/2B\",\r\n        \"qrcode\": \"https://upload.wikimedia.org/wikipedia/commons/thumb/4/4e/QRcode_image.svg/1200px-QRcode_image.svg.png\"\r\n      },\r\n      {\r\n        \"id\": 3,\r\n        \"flight\": {\r\n          \"departure\": \"MEL\",\r\n          \"destination\": \"ADL\",\r\n          \"flightNumber\": \"RS 13\",\r\n          \"duration\": \"1h 45m\"\r\n        },\r\n        \"date\": \"11/06/2023\",\r\n        \"departureTime\": \"15:20\",\r\n        \"passenger\": \"Alice Jones\",\r\n        \"gateSeat\": \"C3/3C\",\r\n        \"qrcode\": \"https://upload.wikimedia.org/wikipedia/commons/thumb/4/4e/QRcode_image.svg/1200px-QRcode_image.svg.png\"\r\n      },\r\n      {\r\n        \"id\": 3,\r\n        \"flight\": {\r\n          \"departure\": \"MEL\",\r\n          \"destination\": \"ADL\",\r\n          \"flightNumber\": \"RS 13\",\r\n          \"duration\": \"1h 45m\"\r\n        },\r\n        \"date\": \"11/06/2023\",\r\n        \"departureTime\": \"15:20\",\r\n        \"passenger\": \"Alice Jones\",\r\n        \"gateSeat\": \"C3/3C\",\r\n        \"qrcode\": \"https://upload.wikimedia.org/wikipedia/commons/thumb/4/4e/QRcode_image.svg/1200px-QRcode_image.svg.png\"\r\n      },\r\n      {\r\n        \"id\": 3,\r\n        \"flight\": {\r\n          \"departure\": \"MEL\",\r\n          \"destination\": \"ADL\",\r\n          \"flightNumber\": \"RS 13\",\r\n          \"duration\": \"1h 45m\"\r\n        },\r\n        \"date\": \"11/06/2023\",\r\n        \"departureTime\": \"15:20\",\r\n        \"passenger\": \"Alice Jones\",\r\n        \"gateSeat\": \"C3/3C\",\r\n        \"qrcode\": \"https://upload.wikimedia.org/wikipedia/commons/thumb/4/4e/QRcode_image.svg/1200px-QRcode_image.svg.png\"\r\n      },\r\n      {\r\n        \"id\": 3,\r\n        \"flight\": {\r\n          \"departure\": \"MEL\",\r\n          \"destination\": \"ADL\",\r\n          \"flightNumber\": \"RS 13\",\r\n          \"duration\": \"1h 45m\"\r\n        },\r\n        \"date\": \"11/06/2023\",\r\n        \"departureTime\": \"15:20\",\r\n        \"passenger\": \"Alice Jones\",\r\n        \"gateSeat\": \"C3/3C\",\r\n        \"qrcode\": \"https://upload.wikimedia.org/wikipedia/commons/thumb/4/4e/QRcode_image.svg/1200px-QRcode_image.svg.png\"\r\n      },\r\n      {\r\n        \"id\": 3,\r\n        \"flight\": {\r\n          \"departure\": \"MEL\",\r\n          \"destination\": \"ADL\",\r\n          \"flightNumber\": \"RS 13\",\r\n          \"duration\": \"1h 45m\"\r\n        },\r\n        \"date\": \"11/06/2023\",\r\n        \"departureTime\": \"15:20\",\r\n        \"passenger\": \"Alice Jones\",\r\n        \"gateSeat\": \"C3/3C\",\r\n        \"qrcode\": \"https://upload.wikimedia.org/wikipedia/commons/thumb/4/4e/QRcode_image.svg/1200px-QRcode_image.svg.png\"\r\n      },\r\n      {\r\n        \"id\": 3,\r\n        \"flight\": {\r\n          \"departure\": \"MEL\",\r\n          \"destination\": \"ADL\",\r\n          \"flightNumber\": \"RS 13\",\r\n          \"duration\": \"1h 45m\"\r\n        },\r\n        \"date\": \"11/06/2023\",\r\n        \"departureTime\": \"15:20\",\r\n        \"passenger\": \"Alice Jones\",\r\n        \"gateSeat\": \"C3/3C\",\r\n        \"qrcode\": \"https://upload.wikimedia.org/wikipedia/commons/thumb/4/4e/QRcode_image.svg/1200px-QRcode_image.svg.png\"\r\n      },\r\n      {\r\n        \"id\": 3,\r\n        \"flight\": {\r\n          \"departure\": \"MEL\",\r\n          \"destination\": \"ADL\",\r\n          \"flightNumber\": \"RS 13\",\r\n          \"duration\": \"1h 45m\"\r\n        },\r\n        \"date\": \"11/06/2023\",\r\n        \"departureTime\": \"15:20\",\r\n        \"passenger\": \"Alice Jones\",\r\n        \"gateSeat\": \"C3/3C\",\r\n        \"qrcode\": \"https://upload.wikimedia.org/wikipedia/commons/thumb/4/4e/QRcode_image.svg/1200px-QRcode_image.svg.png\"\r\n      },\r\n      {\r\n        \"id\": 3,\r\n        \"flight\": {\r\n          \"departure\": \"MEL\",\r\n          \"destination\": \"ADL\",\r\n          \"flightNumber\": \"RS 13\",\r\n          \"duration\": \"1h 45m\"\r\n        },\r\n        \"date\": \"11/06/2023\",\r\n        \"departureTime\": \"15:20\",\r\n        \"passenger\": \"Alice Jones\",\r\n        \"gateSeat\": \"C3/3C\",\r\n        \"qrcode\": \"https://upload.wikimedia.org/wikipedia/commons/thumb/4/4e/QRcode_image.svg/1200px-QRcode_image.svg.png\"\r\n      },\r\n    ],\r\n    List: [\r\n      {key: 1, type: \"currect\" , content: 'ticket 1', isActive: false , event: 'Event Name' , date: '25 June 01:20 pm' , totalSeats: '02' , Seats : 'B2,C2'},\r\n      {key: 1, type: \"currect\" , content: 'ticket 1', isActive: false , event: 'Event Name' , date: '25 June 01:20 pm' , totalSeats: '02' , Seats : 'B2,C2'},\r\n      {key: 1, type: \"currect\" , content: 'ticket 1', isActive: false , event: 'Event Name' , date: '25 June 01:20 pm' , totalSeats: '02' , Seats : 'B2,C2'},\r\n      {key: 1, type: \"currect\" , content: 'ticket 1', isActive: false , event: 'Event Name' , date: '25 June 01:20 pm' , totalSeats: '02' , Seats : 'B2,C2'},\r\n      {key: 1, type: \"currect\" , content: 'ticket 1', isActive: false , event: 'Event Name' , date: '25 June 01:20 pm' , totalSeats: '02' , Seats : 'B2,C2'},\r\n      {key: 1, type: \"currect\" , content: 'ticket 1', isActive: false , event: 'Event Name' , date: '25 June 01:20 pm' , totalSeats: '02' , Seats : 'B2,C2'},\r\n      {key: 1, type: \"currect\" , content: 'ticket 1', isActive: false , event: 'Event Name' , date: '25 June 01:20 pm' , totalSeats: '02' , Seats : 'B2,C2'},\r\n      {key: 1, type: \"currect\" , content: 'ticket 1', isActive: false , event: 'Event Name' , date: '25 June 01:20 pm' , totalSeats: '02' , Seats : 'B2,C2'},\r\n      {key: 1, type: \"Waitlist\" ,content: 'ticket 1', isActive: false , event: 'Event Name' , date: '25 June 01:20 pm' , totalSeats: '02' , Seats : 'B2,C2'},\r\n      {key: 1, type: \"Past\" ,content: 'ticket 1', isActive: false , event: 'Event Name' , date: '25 June 01:20 pm' , totalSeats: '02' , Seats : 'B2,C2'},\r\n      {key: 1, type: \"Waitlist\" ,content: 'ticket 1', isActive: false , event: 'Event Name' , date: '25 June 01:20 pm' , totalSeats: '02' , Seats : 'B2,C2'},\r\n      {key: 1, type: \"Past\" ,content: 'ticket 1', isActive: false , event: 'Event Name' , date: '25 June 01:20 pm' , totalSeats: '02' , Seats : 'B2,C2'},\r\n      {key: 1, type: \"Waitlist\" ,content: 'ticket 1', isActive: false , event: 'Event Name' , date: '25 June 01:20 pm' , totalSeats: '02' , Seats : 'B2,C2'},\r\n      {key: 1, type: \"Past\" ,content: 'ticket 1', isActive: false , event: 'Event Name' , date: '25 June 01:20 pm' , totalSeats: '02' , Seats : 'B2,C2'},\r\n      {key: 1, type: \"Past\" ,content: 'ticket 1', isActive: false , event: 'Event Name' , date: '25 June 01:20 pm' , totalSeats: '02' , Seats : 'B2,C2'},\r\n      {key: 1, type: \"Past\" ,content: 'ticket 1', isActive: false , event: 'Event Name' , date: '25 June 01:20 pm' , totalSeats: '02' , Seats : 'B2,C2'},\r\n      {key: 1, type: \"Past\" ,content: 'ticket 1', isActive: false , event: 'Event Name' , date: '25 June 01:20 pm' , totalSeats: '02' , Seats : 'B2,C2'},\r\n      {key: 1, type: \"Past\" ,content: 'ticket 1', isActive: false , event: 'Event Name' , date: '25 June 01:20 pm' , totalSeats: '02' , Seats : 'B2,C2'},\r\n  ],\r\n  }),\r\n\r\n  getters: {\r\n    \r\n  },\r\n  actions: {\r\n    async increment() {\r\n      try {\r\n        const lastIndex = this.planeData.length - 1\r\n        for (let i = lastIndex + 1; i < lastIndex + 8; i++) {\r\n          this.planeData.push({\r\n            id: i,\r\n            flight: {\r\n              departure: \"BNE\",\r\n              destination: \"SYD\",\r\n              flightNumber: \"RS 11\",\r\n              duration: \"2h 30m\"\r\n            },\r\n            date: \"09/06/2023\",\r\n            departureTime: \"17:45\",\r\n            passenger: \"John Doe\",\r\n            gateSeat: \"A1/1A\",\r\n            qrcode: \"https://upload.wikimedia.org/wikipedia/commons/thumb/4/4e/QRcode_image.svg/1200px-QRcode_image.svg.png\"\r\n          })\r\n        }\r\n      } catch (error) {\r\n        console.log(error);\r\n      }\r\n    },\r\n\r\n    async addList() {\r\n      try {\r\n        const currentType = ref(['currect','Past','Waitlist'])\r\n      // this.count++\r\n        const lastIndex = this.List.length - 1\r\n        for (let i = lastIndex + 1; i < lastIndex + 8; i++) {\r\n          this.List.push({\r\n              key: i,\r\n              type: currentType.value[Math.floor(Math.random() * currentType.value.length)],\r\n              content: `ticket No .${i}`,\r\n              isActive: false,\r\n              event: 'Event Name',\r\n              date: '25 June 01:20 pm',\r\n              totalSeats: '02',\r\n              Seats: 'B2,C2'\r\n          })\r\n        }\r\n      } catch (error) {\r\n        console.log(error);\r\n      }\r\n    }\r\n  },\r\n});"
        }
    ]
}