{
    "sourceFile": "src/stores/index.js",
    "activeCommit": 0,
    "commits": [
        {
            "activePatchIndex": 0,
            "patches": [
                {
                    "date": 1691467679394,
                    "content": "Index: \n===================================================================\n--- \n+++ \n"
                }
            ],
            "date": 1691467679394,
            "name": "Commit-0",
            "content": "import { createPinia } from \"pinia\"\r\n\r\nconst store = createPinia()\r\n\r\nexport default store"
        }
    ]
}