{
    "sourceFile": "src/stores/type.js",
    "activeCommit": 0,
    "commits": [
        {
            "activePatchIndex": 0,
            "patches": [
                {
                    "date": 1691464186628,
                    "content": "Index: \n===================================================================\n--- \n+++ \n"
                }
            ],
            "date": 1691464186628,
            "name": "Commit-0",
            "content": "export const LOGIN = 'login';"
        }
    ]
}