{
    "sourceFile": "vite.config.js",
    "activeCommit": 0,
    "commits": [
        {
            "activePatchIndex": 1,
            "patches": [
                {
                    "date": 1691468619989,
                    "content": "Index: \n===================================================================\n--- \n+++ \n"
                },
                {
                    "date": 1692337421347,
                    "content": "Index: \n===================================================================\n--- \n+++ \n@@ -11,8 +11,9 @@\n   },\r\n   plugins: [\r\n     vue(),\r\n   ],\r\n+  external: ['vue'],\r\n   resolve: {\r\n     // alias: {\r\n     //   '@': fileURLToPath(new URL('./src', import.meta.url))\r\n     // }\r\n"
                }
            ],
            "date": 1691468619989,
            "name": "Commit-0",
            "content": "import { fileURLToPath, URL } from 'node:url'\r\nimport { resolve } from \"path\"\r\nimport { defineConfig } from 'vite'\r\nimport vue from '@vitejs/plugin-vue'\r\n\r\n// https://vitejs.dev/config/\r\nexport default defineConfig({\r\n  base: './',\r\n  build: {\r\n    outDir: './dist'\r\n  },\r\n  plugins: [\r\n    vue(),\r\n  ],\r\n  resolve: {\r\n    // alias: {\r\n    //   '@': fileURLToPath(new URL('./src', import.meta.url))\r\n    // }\r\n    alias: {\r\n      \"@\": resolve(__dirname, \"./src\")\r\n    }\r\n  },\r\n})\r\n"
        }
    ]
}