{
    "sourceFile": "src/common/js/utils.js",
    "activeCommit": 0,
    "commits": [
        {
            "activePatchIndex": 2,
            "patches": [
                {
                    "date": 1692155158494,
                    "content": "Index: \n===================================================================\n--- \n+++ \n"
                },
                {
                    "date": 1692155233653,
                    "content": "Index: \n===================================================================\n--- \n+++ \n@@ -0,0 +1,6 @@\n+export const getLocal = (name) => {\r\n+    return localStorage.getItem(name)\r\n+}\r\n+export const setLocal = (name, value) => {\r\n+    localStorage.setItem(name, value)\r\n+}\n\\ No newline at end of file\n"
                },
                {
                    "date": 1692157172037,
                    "content": "Index: \n===================================================================\n--- \n+++ \n@@ -0,0 +1,6 @@\n+export const getLocal = (name) => {\r\n+    return localStorage.getItem(name)\r\n+}\r\n+export const setLocal = (name, value) => {\r\n+    localStorage.setItem(name, value)\r\n+}\n\\ No newline at end of file\n"
                }
            ],
            "date": 1692155158494,
            "name": "Commit-0",
            "content": "export const getLocal = (name) => {\r\n    return localStorage.getItem(name)\r\n}"
        }
    ]
}