{
    "sourceFile": "src/App.vue",
    "activeCommit": 0,
    "commits": [
        {
            "activePatchIndex": 11,
            "patches": [
                {
                    "date": 1691133271993,
                    "content": "Index: \n===================================================================\n--- \n+++ \n"
                },
                {
                    "date": 1691133279741,
                    "content": "Index: \n===================================================================\n--- \n+++ \n@@ -0,0 +1,112 @@\n+<script setup>\r\n+import { RouterView } from 'vue-router'\r\n+// import HelloWorld from './components/HelloWorld.vue'\r\n+</script>\r\n+\r\n+<template>\r\n+  <!-- <header>\r\n+    <img alt=\"Vue logo\" class=\"logo\" src=\"@/assets/logo.svg\" width=\"125\" height=\"125\" />\r\n+\r\n+    <div class=\"wrapper\">\r\n+      <HelloWorld msg=\"You did it!\" />\r\n+\r\n+      <nav>\r\n+        <RouterLink to=\"/\">Home</RouterLink>\r\n+        <RouterLink to=\"/about\">About</RouterLink>\r\n+      </nav>\r\n+    </div>\r\n+  </header> -->\r\n+\r\n+  <RouterView />\r\n+\r\n+  <!-- <DataTable :paginatedData=\"paginatedData\" :columns=\"columns\">\r\n+    <template #action=\"props\">\r\n+      <button class=\"edit1\" @click=\"showEditForm(props.index)\" >\r\n+        <img src=\"../assets/icons/ico_edit.png\" />\r\n+      </button>\r\n+      <button class=\"delt1\" @click=\"delAPI('header', props.index, item.equipment_type_id, '')\">\r\n+          <img src=\"../assets/icons/ico_delete.png\" />\r\n+      </button>\r\n+      <button id=\"edit2\" class=\"btn\" @click=\"showLinkFrom(props.index)\">\r\n+          <img src=\"../assets/icons/ico_attach.png\" />\r\n+      </button>\r\n+    </template>\r\n+  </DataTable> -->\r\n+</template>\r\n+\r\n+<script setup>\r\n+// const columns = ref([\r\n+//   { key: 'equipment_type', name: 'AIoT設備類型', colWidth: 'width: 100px;', class: 'text-cell', sortable: true, sorted: null , type: ''},\r\n+//   { key: 'equipment_name', name: 'AIoT設備名稱', colWidth: 'width: 100px;', class: 'text-cell', sortable: true, sorted: null , type: ''},\r\n+//   { key: 'emission_type', name: '排放型式', colWidth: 'width: 100px;', class: 'text-cell', sortable: true, sorted: null ,type: '' },\r\n+//   { key: 'emission_source_type', name: '排放類型', colWidth: 'width: 100px;', class: 'text-cell', sortable: true, sorted: null, type: ''},\r\n+//   { key: 'emission_source', name: '燃料別', colWidth: 'width: 100px;', class: 'text-cell', sortable: true, sorted: null, type: ''},\r\n+//   { key: 'creation_date', name: '建立日期', colWidth: 'width: 100px;', class: 'text-cell', sortable: true, sorted: null , type: 'date'},\r\n+//   { key: 'last_updated_date', name: '上次更新日期', colWidth: 'width: 100px;', class: 'text-cell', sortable: true, sorted: null , type: 'date'},\r\n+//   { key: 'action', name: '動作', colWidth: 'width: 100px;', class: 'text-cell center-table-text', sortable: false, sorted: null , type: 'action'}\r\n+// ]);\r\n+</script>\r\n+\r\n+<style scoped>\r\n+header {\r\n+  line-height: 1.5;\r\n+  max-height: 100vh;\r\n+}\r\n+\r\n+.logo {\r\n+  display: block;\r\n+  margin: 0 auto 2rem;\r\n+}\r\n+\r\n+nav {\r\n+  width: 100%;\r\n+  font-size: 12px;\r\n+  text-align: center;\r\n+  margin-top: 2rem;\r\n+}\r\n+\r\n+nav a.router-link-exact-active {\r\n+  color: var(--color-text);\r\n+}\r\n+\r\n+nav a.router-link-exact-active:hover {\r\n+  background-color: transparent;\r\n+}\r\n+\r\n+nav a {\r\n+  display: inline-block;\r\n+  padding: 0 1rem;\r\n+  border-left: 1px solid var(--color-border);\r\n+}\r\n+\r\n+nav a:first-of-type {\r\n+  border: 0;\r\n+}\r\n+\r\n+@media (min-width: 1024px) {\r\n+  header {\r\n+    display: flex;\r\n+    place-items: center;\r\n+    padding-right: calc(var(--section-gap) / 2);\r\n+  }\r\n+\r\n+  .logo {\r\n+    margin: 0 2rem 0 0;\r\n+  }\r\n+\r\n+  header .wrapper {\r\n+    display: flex;\r\n+    place-items: flex-start;\r\n+    flex-wrap: wrap;\r\n+  }\r\n+\r\n+  nav {\r\n+    text-align: left;\r\n+    margin-left: -1rem;\r\n+    font-size: 1rem;\r\n+\r\n+    padding: 1rem 0;\r\n+    margin-top: 1rem;\r\n+  }\r\n+}\r\n+</style>\r\n"
                },
                {
                    "date": 1691382164066,
                    "content": "Index: \n===================================================================\n--- \n+++ \n@@ -0,0 +1,112 @@\n+<script setup>\r\n+import { RouterView } from 'vue-router'\r\n+// import HelloWorld from './components/HelloWorld.vue'\r\n+</script>\r\n+\r\n+<template>\r\n+  <!-- <header>\r\n+    <img alt=\"Vue logo\" class=\"logo\" src=\"@/assets/logo.svg\" width=\"125\" height=\"125\" />\r\n+\r\n+    <div class=\"wrapper\">\r\n+      <HelloWorld msg=\"You did it!\" />\r\n+\r\n+      <nav>\r\n+        <RouterLink to=\"/\">Home</RouterLink>\r\n+        <RouterLink to=\"/about\">About</RouterLink>\r\n+      </nav>\r\n+    </div>\r\n+  </header> -->\r\n+\r\n+  <RouterView />\r\n+\r\n+  <!-- <DataTable :paginatedData=\"paginatedData\" :columns=\"columns\">\r\n+    <template #action=\"props\">\r\n+      <button class=\"edit1\" @click=\"showEditForm(props.index)\" >\r\n+        <img src=\"../assets/icons/ico_edit.png\" />\r\n+      </button>\r\n+      <button class=\"delt1\" @click=\"delAPI('header', props.index, item.equipment_type_id, '')\">\r\n+          <img src=\"../assets/icons/ico_delete.png\" />\r\n+      </button>\r\n+      <button id=\"edit2\" class=\"btn\" @click=\"showLinkFrom(props.index)\">\r\n+          <img src=\"../assets/icons/ico_attach.png\" />\r\n+      </button>\r\n+    </template>\r\n+  </DataTable> -->\r\n+</template>\r\n+\r\n+<!-- <script setup>\r\n+// const columns = ref([\r\n+//   { key: 'equipment_type', name: 'AIoT設備類型', colWidth: 'width: 100px;', class: 'text-cell', sortable: true, sorted: null , type: ''},\r\n+//   { key: 'equipment_name', name: 'AIoT設備名稱', colWidth: 'width: 100px;', class: 'text-cell', sortable: true, sorted: null , type: ''},\r\n+//   { key: 'emission_type', name: '排放型式', colWidth: 'width: 100px;', class: 'text-cell', sortable: true, sorted: null ,type: '' },\r\n+//   { key: 'emission_source_type', name: '排放類型', colWidth: 'width: 100px;', class: 'text-cell', sortable: true, sorted: null, type: ''},\r\n+//   { key: 'emission_source', name: '燃料別', colWidth: 'width: 100px;', class: 'text-cell', sortable: true, sorted: null, type: ''},\r\n+//   { key: 'creation_date', name: '建立日期', colWidth: 'width: 100px;', class: 'text-cell', sortable: true, sorted: null , type: 'date'},\r\n+//   { key: 'last_updated_date', name: '上次更新日期', colWidth: 'width: 100px;', class: 'text-cell', sortable: true, sorted: null , type: 'date'},\r\n+//   { key: 'action', name: '動作', colWidth: 'width: 100px;', class: 'text-cell center-table-text', sortable: false, sorted: null , type: 'action'}\r\n+// ]);\r\n+</script> -->\r\n+\r\n+<style scoped>\r\n+header {\r\n+  line-height: 1.5;\r\n+  max-height: 100vh;\r\n+}\r\n+\r\n+.logo {\r\n+  display: block;\r\n+  margin: 0 auto 2rem;\r\n+}\r\n+\r\n+nav {\r\n+  width: 100%;\r\n+  font-size: 12px;\r\n+  text-align: center;\r\n+  margin-top: 2rem;\r\n+}\r\n+\r\n+nav a.router-link-exact-active {\r\n+  color: var(--color-text);\r\n+}\r\n+\r\n+nav a.router-link-exact-active:hover {\r\n+  background-color: transparent;\r\n+}\r\n+\r\n+nav a {\r\n+  display: inline-block;\r\n+  padding: 0 1rem;\r\n+  border-left: 1px solid var(--color-border);\r\n+}\r\n+\r\n+nav a:first-of-type {\r\n+  border: 0;\r\n+}\r\n+\r\n+@media (min-width: 1024px) {\r\n+  header {\r\n+    display: flex;\r\n+    place-items: center;\r\n+    padding-right: calc(var(--section-gap) / 2);\r\n+  }\r\n+\r\n+  .logo {\r\n+    margin: 0 2rem 0 0;\r\n+  }\r\n+\r\n+  header .wrapper {\r\n+    display: flex;\r\n+    place-items: flex-start;\r\n+    flex-wrap: wrap;\r\n+  }\r\n+\r\n+  nav {\r\n+    text-align: left;\r\n+    margin-left: -1rem;\r\n+    font-size: 1rem;\r\n+\r\n+    padding: 1rem 0;\r\n+    margin-top: 1rem;\r\n+  }\r\n+}\r\n+</style>\r\n"
                },
                {
                    "date": 1691555850426,
                    "content": "Index: \n===================================================================\n--- \n+++ \n@@ -1,118 +1,10 @@\n <script setup>\r\n import { RouterView } from 'vue-router'\r\n-// import HelloWorld from './components/HelloWorld.vue'\r\n-</script>\r\n+import Cookies from 'js-cookie';\r\n \r\n-<template>\r\n-  <!-- <header>\r\n-    <img alt=\"Vue logo\" class=\"logo\" src=\"@/assets/logo.svg\" width=\"125\" height=\"125\" />\r\n+const token = Cookies.get('token');\r\n \r\n-    <div class=\"wrapper\">\r\n-      <HelloWorld msg=\"You did it!\" />\r\n-\r\n-      <nav>\r\n-        <RouterLink to=\"/\">Home</RouterLink>\r\n-        <RouterLink to=\"/about\">About</RouterLink>\r\n-      </nav>\r\n-    </div>\r\n-  </header> -->\r\n-\r\n-  <RouterView />\r\n-\r\n-  <!-- <DataTable :paginatedData=\"paginatedData\" :columns=\"columns\">\r\n-    <template #action=\"props\">\r\n-      <button class=\"edit1\" @click=\"showEditForm(props.index)\" >\r\n-        <img src=\"../assets/icons/ico_edit.png\" />\r\n-      </button>\r\n-      <button class=\"delt1\" @click=\"delAPI('header', props.index, item.equipment_type_id, '')\">\r\n-          <img src=\"../assets/icons/ico_delete.png\" />\r\n-      </button>\r\n-      <button id=\"edit2\" class=\"btn\" @click=\"showLinkFrom(props.index)\">\r\n-          <img src=\"../assets/icons/ico_attach.png\" />\r\n-      </button>\r\n-    </template>\r\n-  </DataTable> -->\r\n-</template>\r\n-\r\n-<!-- <script setup>\r\n-// const columns = ref([\r\n-//   { key: 'equipment_type', name: 'AIoT設備類型', colWidth: 'width: 100px;', class: 'text-cell', sortable: true, sorted: null , type: ''},\r\n-//   { key: 'equipment_name', name: 'AIoT設備名稱', colWidth: 'width: 100px;', class: 'text-cell', sortable: true, sorted: null , type: ''},\r\n-//   { key: 'emission_type', name: '排放型式', colWidth: 'width: 100px;', class: 'text-cell', sortable: true, sorted: null ,type: '' },\r\n-//   { key: 'emission_source_type', name: '排放類型', colWidth: 'width: 100px;', class: 'text-cell', sortable: true, sorted: null, type: ''},\r\n-//   { key: 'emission_source', name: '燃料別', colWidth: 'width: 100px;', class: 'text-cell', sortable: true, sorted: null, type: ''},\r\n-//   { key: 'creation_date', name: '建立日期', colWidth: 'width: 100px;', class: 'text-cell', sortable: true, sorted: null , type: 'date'},\r\n-//   { key: 'last_updated_date', name: '上次更新日期', colWidth: 'width: 100px;', class: 'text-cell', sortable: true, sorted: null , type: 'date'},\r\n-//   { key: 'action', name: '動作', colWidth: 'width: 100px;', class: 'text-cell center-table-text', sortable: false, sorted: null , type: 'action'}\r\n-// ]);\r\n-</script> -->\r\n-\r\n-<style scoped>\r\n-header {\r\n-  line-height: 1.5;\r\n-  max-height: 100vh;\r\n-}\r\n-\r\n-.logo {\r\n-  display: block;\r\n-  margin: 0 auto 2rem;\r\n-}\r\n-\r\n-nav {\r\n-  width: 100%;\r\n-  font-size: 12px;\r\n-  text-align: center;\r\n-  margin-top: 2rem;\r\n-}\r\n-\r\n-nav a.router-link-exact-active {\r\n-  color: var(--color-text);\r\n-}\r\n-\r\n-nav a.router-link-exact-active:hover {\r\n-  background-color: transparent;\r\n-}\r\n-\r\n-nav a {\r\n-  display: inline-block;\r\n-  padding: 0 1rem;\r\n-  border-left: 1px solid var(--color-border);\r\n-}\r\n-\r\n-nav a:first-of-type {\r\n-  border: 0;\r\n-}\r\n-\r\n-@media (min-width: 1024px) {\r\n-  header {\r\n-    display: flex;\r\n-    place-items: center;\r\n-    padding-right: calc(var(--section-gap) / 2);\r\n-  }\r\n-\r\n-  .logo {\r\n-    margin: 0 2rem 0 0;\r\n-  }\r\n-\r\n-  header .wrapper {\r\n-    display: flex;\r\n-    place-items: flex-start;\r\n-    flex-wrap: wrap;\r\n-  }\r\n-\r\n-  nav {\r\n-    text-align: left;\r\n-    margin-left: -1rem;\r\n-    font-size: 1rem;\r\n-\r\n-    padding: 1rem 0;\r\n-    margin-top: 1rem;\r\n-  }\r\n-}\r\n-</style>\r\n-<script setup>\r\n-import { RouterView } from 'vue-router'\r\n // import HelloWorld from './components/HelloWorld.vue'\r\n </script>\r\n \r\n <template>\r\n@@ -143,123 +35,13 @@\n           <img src=\"../assets/icons/ico_attach.png\" />\r\n       </button>\r\n     </template>\r\n   </DataTable> -->\r\n-</template>\r\n \r\n-<script setup>\r\n-// const columns = ref([\r\n-//   { key: 'equipment_type', name: 'AIoT設備類型', colWidth: 'width: 100px;', class: 'text-cell', sortable: true, sorted: null , type: ''},\r\n-//   { key: 'equipment_name', name: 'AIoT設備名稱', colWidth: 'width: 100px;', class: 'text-cell', sortable: true, sorted: null , type: ''},\r\n-//   { key: 'emission_type', name: '排放型式', colWidth: 'width: 100px;', class: 'text-cell', sortable: true, sorted: null ,type: '' },\r\n-//   { key: 'emission_source_type', name: '排放類型', colWidth: 'width: 100px;', class: 'text-cell', sortable: true, sorted: null, type: ''},\r\n-//   { key: 'emission_source', name: '燃料別', colWidth: 'width: 100px;', class: 'text-cell', sortable: true, sorted: null, type: ''},\r\n-//   { key: 'creation_date', name: '建立日期', colWidth: 'width: 100px;', class: 'text-cell', sortable: true, sorted: null , type: 'date'},\r\n-//   { key: 'last_updated_date', name: '上次更新日期', colWidth: 'width: 100px;', class: 'text-cell', sortable: true, sorted: null , type: 'date'},\r\n-//   { key: 'action', name: '動作', colWidth: 'width: 100px;', class: 'text-cell center-table-text', sortable: false, sorted: null , type: 'action'}\r\n-// ]);\r\n-</script>\r\n-\r\n-<style scoped>\r\n-header {\r\n-  line-height: 1.5;\r\n-  max-height: 100vh;\r\n-}\r\n-\r\n-.logo {\r\n-  display: block;\r\n-  margin: 0 auto 2rem;\r\n-}\r\n-\r\n-nav {\r\n-  width: 100%;\r\n-  font-size: 12px;\r\n-  text-align: center;\r\n-  margin-top: 2rem;\r\n-}\r\n-\r\n-nav a.router-link-exact-active {\r\n-  color: var(--color-text);\r\n-}\r\n-\r\n-nav a.router-link-exact-active:hover {\r\n-  background-color: transparent;\r\n-}\r\n-\r\n-nav a {\r\n-  display: inline-block;\r\n-  padding: 0 1rem;\r\n-  border-left: 1px solid var(--color-border);\r\n-}\r\n-\r\n-nav a:first-of-type {\r\n-  border: 0;\r\n-}\r\n-\r\n-@media (min-width: 1024px) {\r\n-  header {\r\n-    display: flex;\r\n-    place-items: center;\r\n-    padding-right: calc(var(--section-gap) / 2);\r\n-  }\r\n-\r\n-  .logo {\r\n-    margin: 0 2rem 0 0;\r\n-  }\r\n-\r\n-  header .wrapper {\r\n-    display: flex;\r\n-    place-items: flex-start;\r\n-    flex-wrap: wrap;\r\n-  }\r\n-\r\n-  nav {\r\n-    text-align: left;\r\n-    margin-left: -1rem;\r\n-    font-size: 1rem;\r\n-\r\n-    padding: 1rem 0;\r\n-    margin-top: 1rem;\r\n-  }\r\n-}\r\n-</style>\r\n-<script setup>\r\n-import { RouterView } from 'vue-router'\r\n-// import HelloWorld from './components/HelloWorld.vue'\r\n-</script>\r\n-\r\n-<template>\r\n-  <!-- <header>\r\n-    <img alt=\"Vue logo\" class=\"logo\" src=\"@/assets/logo.svg\" width=\"125\" height=\"125\" />\r\n-\r\n-    <div class=\"wrapper\">\r\n-      <HelloWorld msg=\"You did it!\" />\r\n-\r\n-      <nav>\r\n-        <RouterLink to=\"/\">Home</RouterLink>\r\n-        <RouterLink to=\"/about\">About</RouterLink>\r\n-      </nav>\r\n-    </div>\r\n-  </header> -->\r\n-\r\n-  <RouterView />\r\n-\r\n-  <!-- <DataTable :paginatedData=\"paginatedData\" :columns=\"columns\">\r\n-    <template #action=\"props\">\r\n-      <button class=\"edit1\" @click=\"showEditForm(props.index)\" >\r\n-        <img src=\"../assets/icons/ico_edit.png\" />\r\n-      </button>\r\n-      <button class=\"delt1\" @click=\"delAPI('header', props.index, item.equipment_type_id, '')\">\r\n-          <img src=\"../assets/icons/ico_delete.png\" />\r\n-      </button>\r\n-      <button id=\"edit2\" class=\"btn\" @click=\"showLinkFrom(props.index)\">\r\n-          <img src=\"../assets/icons/ico_attach.png\" />\r\n-      </button>\r\n-    </template>\r\n-  </DataTable> -->\r\n+  \r\n </template>\r\n \r\n-<script>\r\n+<!-- <script setup>\r\n // const columns = ref([\r\n //   { key: 'equipment_type', name: 'AIoT設備類型', colWidth: 'width: 100px;', class: 'text-cell', sortable: true, sorted: null , type: ''},\r\n //   { key: 'equipment_name', name: 'AIoT設備名稱', colWidth: 'width: 100px;', class: 'text-cell', sortable: true, sorted: null , type: ''},\r\n //   { key: 'emission_type', name: '排放型式', colWidth: 'width: 100px;', class: 'text-cell', sortable: true, sorted: null ,type: '' },\r\n@@ -268,9 +50,9 @@\n //   { key: 'creation_date', name: '建立日期', colWidth: 'width: 100px;', class: 'text-cell', sortable: true, sorted: null , type: 'date'},\r\n //   { key: 'last_updated_date', name: '上次更新日期', colWidth: 'width: 100px;', class: 'text-cell', sortable: true, sorted: null , type: 'date'},\r\n //   { key: 'action', name: '動作', colWidth: 'width: 100px;', class: 'text-cell center-table-text', sortable: false, sorted: null , type: 'action'}\r\n // ]);\r\n-</script>\r\n+</script> -->\r\n \r\n <style scoped>\r\n header {\r\n   line-height: 1.5;\r\n"
                },
                {
                    "date": 1691555896684,
                    "content": "Index: \n===================================================================\n--- \n+++ \n@@ -1,8 +1,7 @@\n <script setup>\r\n import { RouterView } from 'vue-router'\r\n import Cookies from 'js-cookie';\r\n-\r\n const token = Cookies.get('token');\r\n \r\n // import HelloWorld from './components/HelloWorld.vue'\r\n </script>\r\n"
                },
                {
                    "date": 1691555928662,
                    "content": "Index: \n===================================================================\n--- \n+++ \n@@ -1,9 +1,9 @@\n <script setup>\r\n import { RouterView } from 'vue-router'\r\n import Cookies from 'js-cookie';\r\n-const token = Cookies.get('token');\r\n \r\n+\r\n // import HelloWorld from './components/HelloWorld.vue'\r\n </script>\r\n \r\n <template>\r\n"
                },
                {
                    "date": 1691573014647,
                    "content": "Index: \n===================================================================\n--- \n+++ \n@@ -1,7 +1,6 @@\n <script setup>\r\n import { RouterView } from 'vue-router'\r\n-import Cookies from 'js-cookie';\r\n \r\n \r\n // import HelloWorld from './components/HelloWorld.vue'\r\n </script>\r\n@@ -18,9 +17,11 @@\n         <RouterLink to=\"/about\">About</RouterLink>\r\n       </nav>\r\n     </div>\r\n   </header> -->\r\n-\r\n+  <div>\r\n+    menu\r\n+  </div>\r\n   <RouterView />\r\n \r\n   <!-- <DataTable :paginatedData=\"paginatedData\" :columns=\"columns\">\r\n     <template #action=\"props\">\r\n"
                },
                {
                    "date": 1691573829979,
                    "content": "Index: \n===================================================================\n--- \n+++ \n@@ -5,9 +5,9 @@\n // import HelloWorld from './components/HelloWorld.vue'\r\n </script>\r\n \r\n <template>\r\n-  <!-- <header>\r\n+  <header>\r\n     <img alt=\"Vue logo\" class=\"logo\" src=\"@/assets/logo.svg\" width=\"125\" height=\"125\" />\r\n \r\n     <div class=\"wrapper\">\r\n       <HelloWorld msg=\"You did it!\" />\r\n@@ -16,9 +16,9 @@\n         <RouterLink to=\"/\">Home</RouterLink>\r\n         <RouterLink to=\"/about\">About</RouterLink>\r\n       </nav>\r\n     </div>\r\n-  </header> -->\r\n+  </header>\r\n   <div>\r\n     menu\r\n   </div>\r\n   <RouterView />\r\n"
                },
                {
                    "date": 1691573854047,
                    "content": "Index: \n===================================================================\n--- \n+++ \n@@ -5,20 +5,9 @@\n // import HelloWorld from './components/HelloWorld.vue'\r\n </script>\r\n \r\n <template>\r\n-  <header>\r\n-    <img alt=\"Vue logo\" class=\"logo\" src=\"@/assets/logo.svg\" width=\"125\" height=\"125\" />\r\n-\r\n-    <div class=\"wrapper\">\r\n-      <HelloWorld msg=\"You did it!\" />\r\n-\r\n-      <nav>\r\n-        <RouterLink to=\"/\">Home</RouterLink>\r\n-        <RouterLink to=\"/about\">About</RouterLink>\r\n-      </nav>\r\n-    </div>\r\n-  </header>\r\n+  <!-- @/assets/logo.svg -->\r\n   <div>\r\n     menu\r\n   </div>\r\n   <RouterView />\r\n"
                },
                {
                    "date": 1691573909452,
                    "content": "Index: \n===================================================================\n--- \n+++ \n@@ -0,0 +1,104 @@\n+<script setup>\r\n+import { RouterView } from 'vue-router'\r\n+import topMenu from './components/Setting.vue'\r\n+\r\n+// import HelloWorld from './components/HelloWorld.vue'\r\n+</script>\r\n+\r\n+<template>\r\n+  <topMenu />\r\n+  <RouterView />\r\n+\r\n+  <!-- <DataTable :paginatedData=\"paginatedData\" :columns=\"columns\">\r\n+    <template #action=\"props\">\r\n+      <button class=\"edit1\" @click=\"showEditForm(props.index)\" >\r\n+        <img src=\"../assets/icons/ico_edit.png\" />\r\n+      </button>\r\n+      <button class=\"delt1\" @click=\"delAPI('header', props.index, item.equipment_type_id, '')\">\r\n+          <img src=\"../assets/icons/ico_delete.png\" />\r\n+      </button>\r\n+      <button id=\"edit2\" class=\"btn\" @click=\"showLinkFrom(props.index)\">\r\n+          <img src=\"../assets/icons/ico_attach.png\" />\r\n+      </button>\r\n+    </template>\r\n+  </DataTable> -->\r\n+\r\n+  \r\n+</template>\r\n+\r\n+<!-- <script setup>\r\n+// const columns = ref([\r\n+//   { key: 'equipment_type', name: 'AIoT設備類型', colWidth: 'width: 100px;', class: 'text-cell', sortable: true, sorted: null , type: ''},\r\n+//   { key: 'equipment_name', name: 'AIoT設備名稱', colWidth: 'width: 100px;', class: 'text-cell', sortable: true, sorted: null , type: ''},\r\n+//   { key: 'emission_type', name: '排放型式', colWidth: 'width: 100px;', class: 'text-cell', sortable: true, sorted: null ,type: '' },\r\n+//   { key: 'emission_source_type', name: '排放類型', colWidth: 'width: 100px;', class: 'text-cell', sortable: true, sorted: null, type: ''},\r\n+//   { key: 'emission_source', name: '燃料別', colWidth: 'width: 100px;', class: 'text-cell', sortable: true, sorted: null, type: ''},\r\n+//   { key: 'creation_date', name: '建立日期', colWidth: 'width: 100px;', class: 'text-cell', sortable: true, sorted: null , type: 'date'},\r\n+//   { key: 'last_updated_date', name: '上次更新日期', colWidth: 'width: 100px;', class: 'text-cell', sortable: true, sorted: null , type: 'date'},\r\n+//   { key: 'action', name: '動作', colWidth: 'width: 100px;', class: 'text-cell center-table-text', sortable: false, sorted: null , type: 'action'}\r\n+// ]);\r\n+</script> -->\r\n+\r\n+<style scoped>\r\n+header {\r\n+  line-height: 1.5;\r\n+  max-height: 100vh;\r\n+}\r\n+\r\n+.logo {\r\n+  display: block;\r\n+  margin: 0 auto 2rem;\r\n+}\r\n+\r\n+nav {\r\n+  width: 100%;\r\n+  font-size: 12px;\r\n+  text-align: center;\r\n+  margin-top: 2rem;\r\n+}\r\n+\r\n+nav a.router-link-exact-active {\r\n+  color: var(--color-text);\r\n+}\r\n+\r\n+nav a.router-link-exact-active:hover {\r\n+  background-color: transparent;\r\n+}\r\n+\r\n+nav a {\r\n+  display: inline-block;\r\n+  padding: 0 1rem;\r\n+  border-left: 1px solid var(--color-border);\r\n+}\r\n+\r\n+nav a:first-of-type {\r\n+  border: 0;\r\n+}\r\n+\r\n+@media (min-width: 1024px) {\r\n+  header {\r\n+    display: flex;\r\n+    place-items: center;\r\n+    padding-right: calc(var(--section-gap) / 2);\r\n+  }\r\n+\r\n+  .logo {\r\n+    margin: 0 2rem 0 0;\r\n+  }\r\n+\r\n+  header .wrapper {\r\n+    display: flex;\r\n+    place-items: flex-start;\r\n+    flex-wrap: wrap;\r\n+  }\r\n+\r\n+  nav {\r\n+    text-align: left;\r\n+    margin-left: -1rem;\r\n+    font-size: 1rem;\r\n+\r\n+    padding: 1rem 0;\r\n+    margin-top: 1rem;\r\n+  }\r\n+}\r\n+</style>\r\n"
                },
                {
                    "date": 1691574202851,
                    "content": "Index: \n===================================================================\n--- \n+++ \n@@ -0,0 +1,108 @@\n+<script setup>\r\n+import { RouterView } from 'vue-router'\r\n+import topMenu from './components/Setting.vue'\r\n+\r\n+// import HelloWorld from './components/HelloWorld.vue'\r\n+</script>\r\n+\r\n+<template>\r\n+  <!-- @/assets/logo.svg -->\r\n+  <div>\r\n+    menu\r\n+  </div>\r\n+  <topMenu />\r\n+  <RouterView />\r\n+\r\n+  <!-- <DataTable :paginatedData=\"paginatedData\" :columns=\"columns\">\r\n+    <template #action=\"props\">\r\n+      <button class=\"edit1\" @click=\"showEditForm(props.index)\" >\r\n+        <img src=\"../assets/icons/ico_edit.png\" />\r\n+      </button>\r\n+      <button class=\"delt1\" @click=\"delAPI('header', props.index, item.equipment_type_id, '')\">\r\n+          <img src=\"../assets/icons/ico_delete.png\" />\r\n+      </button>\r\n+      <button id=\"edit2\" class=\"btn\" @click=\"showLinkFrom(props.index)\">\r\n+          <img src=\"../assets/icons/ico_attach.png\" />\r\n+      </button>\r\n+    </template>\r\n+  </DataTable> -->\r\n+\r\n+  \r\n+</template>\r\n+\r\n+<!-- <script setup>\r\n+// const columns = ref([\r\n+//   { key: 'equipment_type', name: 'AIoT設備類型', colWidth: 'width: 100px;', class: 'text-cell', sortable: true, sorted: null , type: ''},\r\n+//   { key: 'equipment_name', name: 'AIoT設備名稱', colWidth: 'width: 100px;', class: 'text-cell', sortable: true, sorted: null , type: ''},\r\n+//   { key: 'emission_type', name: '排放型式', colWidth: 'width: 100px;', class: 'text-cell', sortable: true, sorted: null ,type: '' },\r\n+//   { key: 'emission_source_type', name: '排放類型', colWidth: 'width: 100px;', class: 'text-cell', sortable: true, sorted: null, type: ''},\r\n+//   { key: 'emission_source', name: '燃料別', colWidth: 'width: 100px;', class: 'text-cell', sortable: true, sorted: null, type: ''},\r\n+//   { key: 'creation_date', name: '建立日期', colWidth: 'width: 100px;', class: 'text-cell', sortable: true, sorted: null , type: 'date'},\r\n+//   { key: 'last_updated_date', name: '上次更新日期', colWidth: 'width: 100px;', class: 'text-cell', sortable: true, sorted: null , type: 'date'},\r\n+//   { key: 'action', name: '動作', colWidth: 'width: 100px;', class: 'text-cell center-table-text', sortable: false, sorted: null , type: 'action'}\r\n+// ]);\r\n+</script> -->\r\n+\r\n+<style scoped>\r\n+header {\r\n+  line-height: 1.5;\r\n+  max-height: 100vh;\r\n+}\r\n+\r\n+.logo {\r\n+  display: block;\r\n+  margin: 0 auto 2rem;\r\n+}\r\n+\r\n+nav {\r\n+  width: 100%;\r\n+  font-size: 12px;\r\n+  text-align: center;\r\n+  margin-top: 2rem;\r\n+}\r\n+\r\n+nav a.router-link-exact-active {\r\n+  color: var(--color-text);\r\n+}\r\n+\r\n+nav a.router-link-exact-active:hover {\r\n+  background-color: transparent;\r\n+}\r\n+\r\n+nav a {\r\n+  display: inline-block;\r\n+  padding: 0 1rem;\r\n+  border-left: 1px solid var(--color-border);\r\n+}\r\n+\r\n+nav a:first-of-type {\r\n+  border: 0;\r\n+}\r\n+\r\n+@media (min-width: 1024px) {\r\n+  header {\r\n+    display: flex;\r\n+    place-items: center;\r\n+    padding-right: calc(var(--section-gap) / 2);\r\n+  }\r\n+\r\n+  .logo {\r\n+    margin: 0 2rem 0 0;\r\n+  }\r\n+\r\n+  header .wrapper {\r\n+    display: flex;\r\n+    place-items: flex-start;\r\n+    flex-wrap: wrap;\r\n+  }\r\n+\r\n+  nav {\r\n+    text-align: left;\r\n+    margin-left: -1rem;\r\n+    font-size: 1rem;\r\n+\r\n+    padding: 1rem 0;\r\n+    margin-top: 1rem;\r\n+  }\r\n+}\r\n+</style>\r\n"
                },
                {
                    "date": 1691574363091,
                    "content": "Index: \n===================================================================\n--- \n+++ \n@@ -0,0 +1,105 @@\n+<script setup>\r\n+import { RouterView } from 'vue-router'\r\n+import topMenu from './components/Setting.vue'\r\n+\r\n+// import HelloWorld from './components/HelloWorld.vue'\r\n+</script>\r\n+\r\n+<template>\r\n+  <!-- @/assets/logo.svg -->\r\n+  <topMenu />\r\n+  <RouterView />\r\n+\r\n+  <!-- <DataTable :paginatedData=\"paginatedData\" :columns=\"columns\">\r\n+    <template #action=\"props\">\r\n+      <button class=\"edit1\" @click=\"showEditForm(props.index)\" >\r\n+        <img src=\"../assets/icons/ico_edit.png\" />\r\n+      </button>\r\n+      <button class=\"delt1\" @click=\"delAPI('header', props.index, item.equipment_type_id, '')\">\r\n+          <img src=\"../assets/icons/ico_delete.png\" />\r\n+      </button>\r\n+      <button id=\"edit2\" class=\"btn\" @click=\"showLinkFrom(props.index)\">\r\n+          <img src=\"../assets/icons/ico_attach.png\" />\r\n+      </button>\r\n+    </template>\r\n+  </DataTable> -->\r\n+\r\n+  \r\n+</template>\r\n+\r\n+<!-- <script setup>\r\n+// const columns = ref([\r\n+//   { key: 'equipment_type', name: 'AIoT設備類型', colWidth: 'width: 100px;', class: 'text-cell', sortable: true, sorted: null , type: ''},\r\n+//   { key: 'equipment_name', name: 'AIoT設備名稱', colWidth: 'width: 100px;', class: 'text-cell', sortable: true, sorted: null , type: ''},\r\n+//   { key: 'emission_type', name: '排放型式', colWidth: 'width: 100px;', class: 'text-cell', sortable: true, sorted: null ,type: '' },\r\n+//   { key: 'emission_source_type', name: '排放類型', colWidth: 'width: 100px;', class: 'text-cell', sortable: true, sorted: null, type: ''},\r\n+//   { key: 'emission_source', name: '燃料別', colWidth: 'width: 100px;', class: 'text-cell', sortable: true, sorted: null, type: ''},\r\n+//   { key: 'creation_date', name: '建立日期', colWidth: 'width: 100px;', class: 'text-cell', sortable: true, sorted: null , type: 'date'},\r\n+//   { key: 'last_updated_date', name: '上次更新日期', colWidth: 'width: 100px;', class: 'text-cell', sortable: true, sorted: null , type: 'date'},\r\n+//   { key: 'action', name: '動作', colWidth: 'width: 100px;', class: 'text-cell center-table-text', sortable: false, sorted: null , type: 'action'}\r\n+// ]);\r\n+</script> -->\r\n+\r\n+<style scoped>\r\n+header {\r\n+  line-height: 1.5;\r\n+  max-height: 100vh;\r\n+}\r\n+\r\n+.logo {\r\n+  display: block;\r\n+  margin: 0 auto 2rem;\r\n+}\r\n+\r\n+nav {\r\n+  width: 100%;\r\n+  font-size: 12px;\r\n+  text-align: center;\r\n+  margin-top: 2rem;\r\n+}\r\n+\r\n+nav a.router-link-exact-active {\r\n+  color: var(--color-text);\r\n+}\r\n+\r\n+nav a.router-link-exact-active:hover {\r\n+  background-color: transparent;\r\n+}\r\n+\r\n+nav a {\r\n+  display: inline-block;\r\n+  padding: 0 1rem;\r\n+  border-left: 1px solid var(--color-border);\r\n+}\r\n+\r\n+nav a:first-of-type {\r\n+  border: 0;\r\n+}\r\n+\r\n+@media (min-width: 1024px) {\r\n+  header {\r\n+    display: flex;\r\n+    place-items: center;\r\n+    padding-right: calc(var(--section-gap) / 2);\r\n+  }\r\n+\r\n+  .logo {\r\n+    margin: 0 2rem 0 0;\r\n+  }\r\n+\r\n+  header .wrapper {\r\n+    display: flex;\r\n+    place-items: flex-start;\r\n+    flex-wrap: wrap;\r\n+  }\r\n+\r\n+  nav {\r\n+    text-align: left;\r\n+    margin-left: -1rem;\r\n+    font-size: 1rem;\r\n+\r\n+    padding: 1rem 0;\r\n+    margin-top: 1rem;\r\n+  }\r\n+}\r\n+</style>\r\n"
                }
            ],
            "date": 1691133271993,
            "name": "Commit-0",
            "content": "<script setup>\r\nimport { RouterView } from 'vue-router'\r\n// import HelloWorld from './components/HelloWorld.vue'\r\n</script>\r\n\r\n<template>\r\n  <!-- <header>\r\n    <img alt=\"Vue logo\" class=\"logo\" src=\"@/assets/logo.svg\" width=\"125\" height=\"125\" />\r\n\r\n    <div class=\"wrapper\">\r\n      <HelloWorld msg=\"You did it!\" />\r\n\r\n      <nav>\r\n        <RouterLink to=\"/\">Home</RouterLink>\r\n        <RouterLink to=\"/about\">About</RouterLink>\r\n      </nav>\r\n    </div>\r\n  </header> -->\r\n\r\n  <RouterView />\r\n\r\n  <!-- <DataTable :paginatedData=\"paginatedData\" :columns=\"columns\">\r\n    <template #action=\"props\">\r\n      <button class=\"edit1\" @click=\"showEditForm(props.index)\" >\r\n        <img src=\"../assets/icons/ico_edit.png\" />\r\n      </button>\r\n      <button class=\"delt1\" @click=\"delAPI('header', props.index, item.equipment_type_id, '')\">\r\n          <img src=\"../assets/icons/ico_delete.png\" />\r\n      </button>\r\n      <button id=\"edit2\" class=\"btn\" @click=\"showLinkFrom(props.index)\">\r\n          <img src=\"../assets/icons/ico_attach.png\" />\r\n      </button>\r\n    </template>\r\n  </DataTable> -->\r\n</template>\r\n\r\n<script>\r\n// const columns = ref([\r\n//   { key: 'equipment_type', name: 'AIoT設備類型', colWidth: 'width: 100px;', class: 'text-cell', sortable: true, sorted: null , type: ''},\r\n//   { key: 'equipment_name', name: 'AIoT設備名稱', colWidth: 'width: 100px;', class: 'text-cell', sortable: true, sorted: null , type: ''},\r\n//   { key: 'emission_type', name: '排放型式', colWidth: 'width: 100px;', class: 'text-cell', sortable: true, sorted: null ,type: '' },\r\n//   { key: 'emission_source_type', name: '排放類型', colWidth: 'width: 100px;', class: 'text-cell', sortable: true, sorted: null, type: ''},\r\n//   { key: 'emission_source', name: '燃料別', colWidth: 'width: 100px;', class: 'text-cell', sortable: true, sorted: null, type: ''},\r\n//   { key: 'creation_date', name: '建立日期', colWidth: 'width: 100px;', class: 'text-cell', sortable: true, sorted: null , type: 'date'},\r\n//   { key: 'last_updated_date', name: '上次更新日期', colWidth: 'width: 100px;', class: 'text-cell', sortable: true, sorted: null , type: 'date'},\r\n//   { key: 'action', name: '動作', colWidth: 'width: 100px;', class: 'text-cell center-table-text', sortable: false, sorted: null , type: 'action'}\r\n// ]);\r\n</script>\r\n\r\n<style scoped>\r\nheader {\r\n  line-height: 1.5;\r\n  max-height: 100vh;\r\n}\r\n\r\n.logo {\r\n  display: block;\r\n  margin: 0 auto 2rem;\r\n}\r\n\r\nnav {\r\n  width: 100%;\r\n  font-size: 12px;\r\n  text-align: center;\r\n  margin-top: 2rem;\r\n}\r\n\r\nnav a.router-link-exact-active {\r\n  color: var(--color-text);\r\n}\r\n\r\nnav a.router-link-exact-active:hover {\r\n  background-color: transparent;\r\n}\r\n\r\nnav a {\r\n  display: inline-block;\r\n  padding: 0 1rem;\r\n  border-left: 1px solid var(--color-border);\r\n}\r\n\r\nnav a:first-of-type {\r\n  border: 0;\r\n}\r\n\r\n@media (min-width: 1024px) {\r\n  header {\r\n    display: flex;\r\n    place-items: center;\r\n    padding-right: calc(var(--section-gap) / 2);\r\n  }\r\n\r\n  .logo {\r\n    margin: 0 2rem 0 0;\r\n  }\r\n\r\n  header .wrapper {\r\n    display: flex;\r\n    place-items: flex-start;\r\n    flex-wrap: wrap;\r\n  }\r\n\r\n  nav {\r\n    text-align: left;\r\n    margin-left: -1rem;\r\n    font-size: 1rem;\r\n\r\n    padding: 1rem 0;\r\n    margin-top: 1rem;\r\n  }\r\n}\r\n</style>\r\n"
        }
    ]
}