{
    "sourceFile": "src/main.js",
    "activeCommit": 0,
    "commits": [
        {
            "activePatchIndex": 4,
            "patches": [
                {
                    "date": 1691472899022,
                    "content": "Index: \n===================================================================\n--- \n+++ \n"
                },
                {
                    "date": 1691477266840,
                    "content": "Index: \n===================================================================\n--- \n+++ \n@@ -20,8 +20,6 @@\n const app = createApp(App)\r\n \r\n app.component('font-awesome-icon', FontAwesomeIcon)\r\n app.use(router)\r\n-\r\n app.use(createPinia())\r\n-\r\n app.mount('#app')\r\n"
                },
                {
                    "date": 1691641033734,
                    "content": "Index: \n===================================================================\n--- \n+++ \n@@ -3,13 +3,13 @@\n import { createApp } from 'vue'\r\n import { createPinia } from 'pinia'\r\n /* import the fontawesome core */\r\n import { library } from '@fortawesome/fontawesome-svg-core'\r\n-\r\n+import piniaPluginPersistedstate from 'pinia-plugin-persistedstate'\r\n /* import font awesome icon component */\r\n import { FontAwesomeIcon } from '@fortawesome/vue-fontawesome'\r\n \r\n-/* import specific icons */\r\n+import VueApexCharts from \"vue3-apexcharts\";/* import specific icons */\r\n import { faUserSecret } from '@fortawesome/free-solid-svg-icons'\r\n \r\n /* add icons to the library */\r\n library.add(faUserSecret)\r\n@@ -17,9 +17,12 @@\n import App from './App.vue'\r\n import router from './router'\r\n \r\n const app = createApp(App)\r\n-\r\n+const pinia = createPinia()\r\n+pinia.use(piniaPluginPersistedstate)\r\n app.component('font-awesome-icon', FontAwesomeIcon)\r\n app.use(router)\r\n app.use(createPinia())\r\n+app.use(VueApexCharts);\r\n app.mount('#app')\r\n+\r\n"
                },
                {
                    "date": 1691641044965,
                    "content": "Index: \n===================================================================\n--- \n+++ \n@@ -0,0 +1,28 @@\n+import './assets/main.css'\r\n+\r\n+import { createApp } from 'vue'\r\n+import { createPinia } from 'pinia'\r\n+/* import the fontawesome core */\r\n+import { library } from '@fortawesome/fontawesome-svg-core'\r\n+import piniaPluginPersistedstate from 'pinia-plugin-persistedstate'\r\n+/* import font awesome icon component */\r\n+import { FontAwesomeIcon } from '@fortawesome/vue-fontawesome'\r\n+\r\n+import VueApexCharts from \"vue3-apexcharts\";/* import specific icons */\r\n+import { faUserSecret } from '@fortawesome/free-solid-svg-icons'\r\n+\r\n+/* add icons to the library */\r\n+library.add(faUserSecret)\r\n+\r\n+import App from './App.vue'\r\n+import router from './router'\r\n+\r\n+const app = createApp(App)\r\n+const pinia = createPinia()\r\n+pinia.use(piniaPluginPersistedstate)\r\n+app.component('font-awesome-icon', FontAwesomeIcon)\r\n+app.use(router)\r\n+app.use(createPinia())\r\n+app.use(VueApexCharts);\r\n+app.mount('#app')\r\n+\r\n"
                },
                {
                    "date": 1692157275432,
                    "content": "Index: \n===================================================================\n--- \n+++ \n@@ -0,0 +1,32 @@\n+import './assets/main.css'\r\n+\r\n+import { createApp , markRaw} from 'vue'\r\n+import { createPinia } from 'pinia'\r\n+/* import the fontawesome core */\r\n+import { library } from '@fortawesome/fontawesome-svg-core'\r\n+import piniaPluginPersistedstate from 'pinia-plugin-persistedstate'\r\n+/* import font awesome icon component */\r\n+import { FontAwesomeIcon } from '@fortawesome/vue-fontawesome'\r\n+import piniaPersist from 'pinia-plugin-persist'\r\n+import VueApexCharts from \"vue3-apexcharts\";/* import specific icons */\r\n+import { faUserSecret } from '@fortawesome/free-solid-svg-icons'\r\n+\r\n+/* add icons to the library */\r\n+library.add(faUserSecret)\r\n+\r\n+import App from './App.vue'\r\n+import router from './router'\r\n+\r\n+const app = createApp(App)\r\n+const pinia = createPinia()\r\n+pinia.use(({ store }) => {\r\n+    store.router = markRaw(router)\r\n+});\r\n+pinia.use(piniaPersist)\r\n+pinia.use(piniaPluginPersistedstate)\r\n+app.component('font-awesome-icon', FontAwesomeIcon)\r\n+app.use(router)\r\n+app.use(createPinia())\r\n+app.use(VueApexCharts);\r\n+app.mount('#app')\r\n+\r\n"
                }
            ],
            "date": 1691472899022,
            "name": "Commit-0",
            "content": "import './assets/main.css'\r\n\r\nimport { createApp } from 'vue'\r\nimport { createPinia } from 'pinia'\r\n/* import the fontawesome core */\r\nimport { library } from '@fortawesome/fontawesome-svg-core'\r\n\r\n/* import font awesome icon component */\r\nimport { FontAwesomeIcon } from '@fortawesome/vue-fontawesome'\r\n\r\n/* import specific icons */\r\nimport { faUserSecret } from '@fortawesome/free-solid-svg-icons'\r\n\r\n/* add icons to the library */\r\nlibrary.add(faUserSecret)\r\n\r\nimport App from './App.vue'\r\nimport router from './router'\r\n\r\nconst app = createApp(App)\r\n\r\napp.component('font-awesome-icon', FontAwesomeIcon)\r\napp.use(router)\r\n\r\napp.use(createPinia())\r\n\r\napp.mount('#app')\r\n"
        }
    ]
}