{
    "sourceFile": "src/views/DragDrop.vue",
    "activeCommit": 0,
    "commits": [
        {
            "activePatchIndex": 2,
            "patches": [
                {
                    "date": 1691382842073,
                    "content": "Index: \n===================================================================\n--- \n+++ \n"
                },
                {
                    "date": 1691383988244,
                    "content": "Index: \n===================================================================\n--- \n+++ \n@@ -0,0 +1,232 @@\n+<template>\r\n+  <div>\r\n+    <div class=\"header\">\r\n+      <div\r\n+        class=\"noActive\"\r\n+        :class=\"{ active: initTab == 'currect' }\"\r\n+        @click=\"currentChange('currect')\"\r\n+      >\r\n+        currect\r\n+      </div>\r\n+      <div class=\"noActive\" :class=\"{ active: initTab == 'Past' }\" @click=\"currentChange('Past')\">\r\n+        Past\r\n+      </div>\r\n+      <div\r\n+        class=\"noActive\"\r\n+        :class=\"{ active: initTab == 'Waitlist' }\"\r\n+        @click=\"currentChange('Waitlist')\"\r\n+      >\r\n+        Waitlist\r\n+      </div>\r\n+    </div>\r\n+    <div class=\"drag\" @scroll=\"onScroll\">\r\n+      <div\r\n+        class=\"drag__main\"\r\n+        v-for=\"(item, i) in getCurrentChange\"\r\n+        @mouseover=\"showInfo = i\"\r\n+        @mouseleave=\"showInfo = null\"\r\n+        :key=\"i\"\r\n+      >\r\n+        <div\r\n+          class=\"drag__card\"\r\n+          @click=\"goPage(i)\"\r\n+          :class=\"{\r\n+            hide: item.type == 'Past',\r\n+            show: item.type == 'currect' || item.type == 'Waitlist'\r\n+          }\"\r\n+        >\r\n+          <div class=\"card cardLeft drag__start\">\r\n+            <div class=\"drag__card__eventName\">Event Name</div>\r\n+            <div class=\"drag__card__name\">{{ item.event }} , {{ item.content }}</div>\r\n+            <div class=\"drag__card__eventName\">Date</div>\r\n+            <div class=\"drag__card__bold\">{{ item.date }}</div>\r\n+            <div class=\"drag__card__eventName\">Type {{ item.type }}</div>\r\n+          </div>\r\n+          <div class=\"card cardRight\">\r\n+            <div class=\"drag__card__eventName\">Total seats</div>\r\n+            <div class=\"drag__card__bold\">{{ item.totalSeats }}</div>\r\n+            <div class=\"drag__card__eventName\">Seats</div>\r\n+            <div class=\"drag__card__bold\">{{ item.Seats }}</div>\r\n+          </div>\r\n+        </div>\r\n+      </div>\r\n+    </div>\r\n+  </div>\r\n+</template>\r\n+\r\n+<script setup>\r\n+import { ref, computed } from 'vue'\r\n+import { useRouter, useRoute } from 'vue-router'\r\n+import { useCounterStore } from '../stores/counter'\r\n+// call the action as a method of the store\r\n+const store = useCounterStore()\r\n+console.log('store', store.List)\r\n+\r\n+const router = useRouter()\r\n+const route = useRoute()\r\n+\r\n+const goPage = (i) => {\r\n+  router.push(`/DragDrop/${i}`)\r\n+  console.log(route.params)\r\n+}\r\n+\r\n+const showInfo = ref(null)\r\n+const initTab = ref('currect')\r\n+const currentChange = (type) => {\r\n+  initTab.value = type\r\n+}\r\n+const getCurrentChange = computed(() => {\r\n+  return store.List.filter((item) => item.type == initTab.value)\r\n+})\r\n+const onScroll = (e) => {\r\n+  const { scrollTop, offsetHeight, scrollHeight } = e.target\r\n+  if (scrollTop + offsetHeight >= scrollHeight * 0.9) {\r\n+    store.increment()\r\n+  }\r\n+}\r\n+</script>\r\n+\r\n+<style lang=\"scss\" scoped>\r\n+.hide {\r\n+  background-color: #8e6e6e20;\r\n+}\r\n+.show {\r\n+  background-color: white;\r\n+}\r\n+.active {\r\n+  border-bottom: 1px solid black;\r\n+}\r\n+.noActive {\r\n+  cursor: pointer;\r\n+}\r\n+\r\n+.header {\r\n+  display: flex;\r\n+  justify-content: space-between;\r\n+  padding: 10px;\r\n+}\r\n+.drag {\r\n+  height: calc(100vh - 40px);\r\n+  background-color: #f9f9f9;\r\n+  overflow: auto;\r\n+  max-height: calc(100vh - 40px);\r\n+  &__main {\r\n+    padding: 10px;\r\n+    display: flex;\r\n+  }\r\n+\r\n+  /*&__main:hover{\r\n+        box-shadow: rgba(50, 50, 93, 0.25) 0px 50px 100px -20px, rgba(0, 0, 0, 0.3) 0px 30px 60px -30px;\r\n+    }*/\r\n+\r\n+  &__start {\r\n+    /*height: 60px;\r\n+        width: 100%;\r\n+        background-color: rgba(208, 223, 248, 0.384);\r\n+        text-align: center;\r\n+        border-radius: 5px;\r\n+        display: flex;\r\n+        align-items: center;\r\n+        justify-content: center;*/\r\n+    cursor: pointer;\r\n+  }\r\n+  &__start:hover {\r\n+    /*height: 65px;*/\r\n+  }\r\n+  &__show {\r\n+    display: flex;\r\n+    margin: 0 6px;\r\n+    align-items: center;\r\n+    justify-content: center;\r\n+    background-color: azure;\r\n+    background-color: rgba(218, 213, 213, 0.625);\r\n+    border-radius: 0 0 5px 5px;\r\n+  }\r\n+\r\n+  &__left {\r\n+    height: 60px;\r\n+    display: flex;\r\n+    width: 450px;\r\n+    flex-grow: 1;\r\n+    background-color: antiquewhite;\r\n+    border-radius: 8px;\r\n+  }\r\n+  &__right {\r\n+    height: 60px;\r\n+    display: flex;\r\n+    width: 200px;\r\n+    flex-grow: 1;\r\n+    background-color: antiquewhite;\r\n+    border-radius: 8px;\r\n+  }\r\n+\r\n+  &__dash {\r\n+    border: 1px dashed #000;\r\n+    margin: 7px 0px;\r\n+  }\r\n+\r\n+  &__card {\r\n+    display: flex;\r\n+    border-radius: 10px;\r\n+\r\n+    &__eventName {\r\n+      font-size: 13px;\r\n+    }\r\n+    &__name {\r\n+      color: rgb(69, 115, 232);\r\n+    }\r\n+    &__bold {\r\n+      font-weight: bold;\r\n+    }\r\n+  }\r\n+}\r\n+\r\n+.card {\r\n+  float: left;\r\n+  position: relative;\r\n+  /*background-color: #ffffff;*/\r\n+  padding: 1.8em;\r\n+}\r\n+\r\n+.cardLeft {\r\n+  border-top-left-radius: 8px;\r\n+  border-bottom-left-radius: 8px;\r\n+  width: 260px;\r\n+}\r\n+\r\n+.cardRight {\r\n+  border-left: 0.18em dashed #e3dada;\r\n+  border-top-right-radius: 8px;\r\n+  border-bottom-right-radius: 8px;\r\n+}\r\n+\r\n+.cardRight:before {\r\n+  top: -0.4em;\r\n+}\r\n+\r\n+.cardRight:before {\r\n+  content: '';\r\n+  position: absolute;\r\n+  display: block;\r\n+  width: 0.9em;\r\n+  height: 0.9em;\r\n+  background: #f9f9f9;\r\n+  border-radius: 50%;\r\n+  left: -0.5em;\r\n+}\r\n+\r\n+.cardRight:after {\r\n+  content: '';\r\n+  position: absolute;\r\n+  display: block;\r\n+  width: 0.9em;\r\n+  height: 0.9em;\r\n+  background: #f9f9f9;\r\n+  border-radius: 50%;\r\n+  left: -0.5em;\r\n+}\r\n+\r\n+.cardRight:after {\r\n+  bottom: -0.4em;\r\n+}\r\n+</style>\r\n"
                },
                {
                    "date": 1691384005794,
                    "content": "Index: \n===================================================================\n--- \n+++ \n@@ -0,0 +1,232 @@\n+<template>\r\n+  <div>\r\n+    <div class=\"header\">\r\n+      <div\r\n+        class=\"noActive\"\r\n+        :class=\"{ active: initTab == 'currect' }\"\r\n+        @click=\"currentChange('currect')\"\r\n+      >\r\n+        currect\r\n+      </div>\r\n+      <div class=\"noActive\" :class=\"{ active: initTab == 'Past' }\" @click=\"currentChange('Past')\">\r\n+        Past\r\n+      </div>\r\n+      <div\r\n+        class=\"noActive\"\r\n+        :class=\"{ active: initTab == 'Waitlist' }\"\r\n+        @click=\"currentChange('Waitlist')\"\r\n+      >\r\n+        Waitlist\r\n+      </div>\r\n+    </div>\r\n+    <div class=\"drag\" @scroll=\"onScroll\">\r\n+      <div\r\n+        class=\"drag__main\"\r\n+        v-for=\"(item, i) in getCurrentChange\"\r\n+        @mouseover=\"showInfo = i\"\r\n+        @mouseleave=\"showInfo = null\"\r\n+        :key=\"i\"\r\n+      >\r\n+        <div\r\n+          class=\"drag__card\"\r\n+          @click=\"goPage(i)\"\r\n+          :class=\"{\r\n+            hide: item.type == 'Past',\r\n+            show: item.type == 'currect' || item.type == 'Waitlist'\r\n+          }\"\r\n+        >\r\n+          <div class=\"card cardLeft drag__start\">\r\n+            <div class=\"drag__card__eventName\">Event Name</div>\r\n+            <div class=\"drag__card__name\">{{ item.event }} , {{ item.content }}</div>\r\n+            <div class=\"drag__card__eventName\">Date</div>\r\n+            <div class=\"drag__card__bold\">{{ item.date }}</div>\r\n+            <div class=\"drag__card__eventName\">Type {{ item.type }}</div>\r\n+          </div>\r\n+          <div class=\"card cardRight\">\r\n+            <div class=\"drag__card__eventName\">Total seats</div>\r\n+            <div class=\"drag__card__bold\">{{ item.totalSeats }}</div>\r\n+            <div class=\"drag__card__eventName\">Seats</div>\r\n+            <div class=\"drag__card__bold\">{{ item.Seats }}</div>\r\n+          </div>\r\n+        </div>\r\n+      </div>\r\n+    </div>\r\n+  </div>\r\n+</template>\r\n+\r\n+<script setup>\r\n+import { ref, computed } from 'vue'\r\n+import { useRouter, useRoute } from 'vue-router'\r\n+import { useCounterStore } from '../stores/counter'\r\n+// call the action as a method of the store\r\n+const store = useCounterStore()\r\n+console.log('store', store.List)\r\n+\r\n+const router = useRouter()\r\n+const route = useRoute()\r\n+\r\n+const goPage = (i) => {\r\n+  router.push(`/DragDrop/${i}`)\r\n+  console.log(route.params)\r\n+}\r\n+\r\n+const showInfo = ref(null)\r\n+const initTab = ref('currect')\r\n+const currentChange = (type) => {\r\n+  initTab.value = type\r\n+}\r\n+const getCurrentChange = computed(() => {\r\n+  return store.List.filter((item) => item.type == initTab.value)\r\n+})\r\n+const onScroll = (e) => {\r\n+  const { scrollTop, offsetHeight, scrollHeight } = e.target\r\n+  if (scrollTop + offsetHeight >= scrollHeight * 0.9) {\r\n+    store.increment()\r\n+  }\r\n+}\r\n+</script>\r\n+\r\n+<style lang=\"scss\" scoped>\r\n+.hide {\r\n+  background-color: #8e6e6e20;\r\n+}\r\n+.show {\r\n+  background-color: white;\r\n+}\r\n+.active {\r\n+  border-bottom: 1px solid black;\r\n+}\r\n+.noActive {\r\n+  cursor: pointer;\r\n+}\r\n+\r\n+.header {\r\n+  display: flex;\r\n+  justify-content: space-between;\r\n+  padding: 10px;\r\n+}\r\n+.drag {\r\n+  height: calc(100vh - 40px);\r\n+  background-color: #f9f9f9;\r\n+  overflow: auto;\r\n+  max-height: calc(100vh - 40px);\r\n+  &__main {\r\n+    padding: 10px;\r\n+    display: flex;\r\n+  }\r\n+\r\n+  /*&__main:hover{\r\n+        box-shadow: rgba(50, 50, 93, 0.25) 0px 50px 100px -20px, rgba(0, 0, 0, 0.3) 0px 30px 60px -30px;\r\n+    }*/\r\n+\r\n+  &__start {\r\n+    /*height: 60px;\r\n+        width: 100%;\r\n+        background-color: rgba(208, 223, 248, 0.384);\r\n+        text-align: center;\r\n+        border-radius: 5px;\r\n+        display: flex;\r\n+        align-items: center;\r\n+        justify-content: center;*/\r\n+    cursor: pointer;\r\n+  }\r\n+  &__start:hover {\r\n+    /*height: 65px;*/\r\n+  }\r\n+  &__show {\r\n+    display: flex;\r\n+    margin: 0 6px;\r\n+    align-items: center;\r\n+    justify-content: center;\r\n+    background-color: azure;\r\n+    background-color: rgba(218, 213, 213, 0.625);\r\n+    border-radius: 0 0 5px 5px;\r\n+  }\r\n+\r\n+  &__left {\r\n+    height: 60px;\r\n+    display: flex;\r\n+    width: 450px;\r\n+    flex-grow: 1;\r\n+    background-color: antiquewhite;\r\n+    border-radius: 8px;\r\n+  }\r\n+  &__right {\r\n+    height: 60px;\r\n+    display: flex;\r\n+    width: 200px;\r\n+    flex-grow: 1;\r\n+    background-color: antiquewhite;\r\n+    border-radius: 8px;\r\n+  }\r\n+\r\n+  &__dash {\r\n+    border: 1px dashed #000;\r\n+    margin: 7px 0px;\r\n+  }\r\n+\r\n+  &__card {\r\n+    display: flex;\r\n+    border-radius: 10px;\r\n+\r\n+    &__eventName {\r\n+      font-size: 13px;\r\n+    }\r\n+    &__name {\r\n+      color: rgb(69, 115, 232);\r\n+    }\r\n+    &__bold {\r\n+      font-weight: bold;\r\n+    }\r\n+  }\r\n+}\r\n+\r\n+.card {\r\n+  float: left;\r\n+  position: relative;\r\n+  /*background-color: #ffffff;*/\r\n+  padding: 0.8em;\r\n+}\r\n+\r\n+.cardLeft {\r\n+  border-top-left-radius: 8px;\r\n+  border-bottom-left-radius: 8px;\r\n+  width: 260px;\r\n+}\r\n+\r\n+.cardRight {\r\n+  border-left: 0.18em dashed #e3dada;\r\n+  border-top-right-radius: 8px;\r\n+  border-bottom-right-radius: 8px;\r\n+}\r\n+\r\n+.cardRight:before {\r\n+  top: -0.4em;\r\n+}\r\n+\r\n+.cardRight:before {\r\n+  content: '';\r\n+  position: absolute;\r\n+  display: block;\r\n+  width: 0.9em;\r\n+  height: 0.9em;\r\n+  background: #f9f9f9;\r\n+  border-radius: 50%;\r\n+  left: -0.5em;\r\n+}\r\n+\r\n+.cardRight:after {\r\n+  content: '';\r\n+  position: absolute;\r\n+  display: block;\r\n+  width: 0.9em;\r\n+  height: 0.9em;\r\n+  background: #f9f9f9;\r\n+  border-radius: 50%;\r\n+  left: -0.5em;\r\n+}\r\n+\r\n+.cardRight:after {\r\n+  bottom: -0.4em;\r\n+}\r\n+</style>\r\n"
                }
            ],
            "date": 1691382842073,
            "name": "Commit-0",
            "content": "<template>\r\n  <div>\r\n    <div class=\"header\">\r\n      <div\r\n        class=\"noActive\"\r\n        :class=\"{ active: initTab == 'currect' }\"\r\n        @click=\"currentChange('currect')\"\r\n      >\r\n        currect\r\n      </div>\r\n      <div class=\"noActive\" :class=\"{ active: initTab == 'Past' }\" @click=\"currentChange('Past')\">\r\n        Past\r\n      </div>\r\n      <div\r\n        class=\"noActive\"\r\n        :class=\"{ active: initTab == 'Waitlist' }\"\r\n        @click=\"currentChange('Waitlist')\"\r\n      >\r\n        Waitlist\r\n      </div>\r\n    </div>\r\n    <div class=\"drag\" @scroll=\"onScroll\">\r\n      <div\r\n        class=\"drag__main\"\r\n        v-for=\"(item, i) in getCurrentChange\"\r\n        @mouseover=\"showInfo = i\"\r\n        @mouseleave=\"showInfo = null\"\r\n        :key=\"i\"\r\n      >\r\n        <div\r\n          class=\"drag__card\"\r\n          @click=\"goPage(i)\"\r\n          :class=\"{\r\n            hide: item.type == 'Past',\r\n            show: item.type == 'currect' || item.type == 'Waitlist'\r\n          }\"\r\n        >\r\n          <div class=\"card cardLeft drag__start\">\r\n            <div class=\"drag__card__eventName\">Event Name</div>\r\n            <div class=\"drag__card__name\">{{ item.event }} , {{ item.content }}</div>\r\n            <div class=\"drag__card__eventName\">Date</div>\r\n            <div class=\"drag__card__bold\">{{ item.date }}</div>\r\n            <div class=\"drag__card__eventName\">Type {{ item.type }}</div>\r\n          </div>\r\n          <div class=\"card cardRight\">\r\n            <div class=\"drag__card__eventName\">Total seats</div>\r\n            <div class=\"drag__card__bold\">{{ item.totalSeats }}</div>\r\n            <div class=\"drag__card__eventName\">Seats</div>\r\n            <div class=\"drag__card__bold\">{{ item.Seats }}</div>\r\n          </div>\r\n        </div>\r\n      </div>\r\n    </div>\r\n  </div>\r\n</template>\r\n\r\n<script setup>\r\nimport { ref, computed } from 'vue'\r\nimport { useRouter, useRoute } from 'vue-router'\r\nimport { useCounterStore } from '../stores/counter'\r\n// call the action as a method of the store\r\nconst store = useCounterStore()\r\nconsole.log('store', store.List)\r\n\r\nconst router = useRouter()\r\nconst route = useRoute()\r\n\r\nconst goPage = (i) => {\r\n  router.push(`/DragDrop/${i}`)\r\n  console.log(route.params)\r\n}\r\n\r\nconst showInfo = ref(null)\r\nconst initTab = ref('currect')\r\nconst currentChange = (type) => {\r\n  initTab.value = type\r\n}\r\nconst getCurrentChange = computed(() => {\r\n  return store.List.filter((item) => item.type == initTab.value)\r\n})\r\nconst onScroll = (e) => {\r\n  const { scrollTop, offsetHeight, scrollHeight } = e.target\r\n  if (scrollTop + offsetHeight >= scrollHeight * 0.9) {\r\n    store.increment()\r\n  }\r\n}\r\n</script>\r\n\r\n<style lang=\"scss\" scoped>\r\n.hide {\r\n  background-color: #8e6e6e20;\r\n}\r\n.show {\r\n  background-color: white;\r\n}\r\n.active {\r\n  border-bottom: 1px solid black;\r\n}\r\n.noActive {\r\n  cursor: pointer;\r\n}\r\n\r\n.header {\r\n  display: flex;\r\n  justify-content: space-between;\r\n  padding: 10px;\r\n}\r\n.drag {\r\n  height: calc(100vh - 40px);\r\n  background-color: #f9f9f9;\r\n  overflow: auto;\r\n  max-height: calc(100vh - 40px);\r\n  &__main {\r\n    padding: 10px;\r\n    display: flex;\r\n  }\r\n\r\n  /*&__main:hover{\r\n        box-shadow: rgba(50, 50, 93, 0.25) 0px 50px 100px -20px, rgba(0, 0, 0, 0.3) 0px 30px 60px -30px;\r\n    }*/\r\n\r\n  &__start {\r\n    /*height: 60px;\r\n        width: 100%;\r\n        background-color: rgba(208, 223, 248, 0.384);\r\n        text-align: center;\r\n        border-radius: 5px;\r\n        display: flex;\r\n        align-items: center;\r\n        justify-content: center;*/\r\n    cursor: pointer;\r\n  }\r\n  &__start:hover {\r\n    /*height: 65px;*/\r\n  }\r\n  &__show {\r\n    display: flex;\r\n    margin: 0 6px;\r\n    align-items: center;\r\n    justify-content: center;\r\n    background-color: azure;\r\n    background-color: rgba(218, 213, 213, 0.625);\r\n    border-radius: 0 0 5px 5px;\r\n  }\r\n\r\n  &__left {\r\n    height: 60px;\r\n    display: flex;\r\n    width: 450px;\r\n    flex-grow: 1;\r\n    background-color: antiquewhite;\r\n    border-radius: 8px;\r\n  }\r\n  &__right {\r\n    height: 60px;\r\n    display: flex;\r\n    width: 200px;\r\n    flex-grow: 1;\r\n    background-color: antiquewhite;\r\n    border-radius: 8px;\r\n  }\r\n\r\n  &__dash {\r\n    border: 1px dashed #000;\r\n    margin: 7px 0px;\r\n  }\r\n\r\n  &__card {\r\n    display: flex;\r\n    border-radius: 10px;\r\n\r\n    &__eventName {\r\n      font-size: 13px;\r\n    }\r\n    &__name {\r\n      color: rgb(69, 115, 232);\r\n    }\r\n    &__bold {\r\n      font-weight: bold;\r\n    }\r\n  }\r\n}\r\n\r\n.card {\r\n  float: left;\r\n  position: relative;\r\n  /*background-color: #ffffff;*/\r\n  padding: 0.8em;\r\n}\r\n\r\n.cardLeft {\r\n  border-top-left-radius: 8px;\r\n  border-bottom-left-radius: 8px;\r\n  width: 260px;\r\n}\r\n\r\n.cardRight {\r\n  border-left: 0.18em dashed #e3dada;\r\n  border-top-right-radius: 8px;\r\n  border-bottom-right-radius: 8px;\r\n}\r\n\r\n.cardRight:before {\r\n  top: -0.4em;\r\n}\r\n\r\n.cardRight:before {\r\n  content: '';\r\n  position: absolute;\r\n  display: block;\r\n  width: 0.9em;\r\n  height: 0.9em;\r\n  background: #f9f9f9;\r\n  border-radius: 50%;\r\n  left: -0.5em;\r\n}\r\n\r\n.cardRight:after {\r\n  content: '';\r\n  position: absolute;\r\n  display: block;\r\n  width: 0.9em;\r\n  height: 0.9em;\r\n  background: #f9f9f9;\r\n  border-radius: 50%;\r\n  left: -0.5em;\r\n}\r\n\r\n.cardRight:after {\r\n  bottom: -0.4em;\r\n}\r\n</style>\r\n"
        }
    ]
}