{
    "sourceFile": "src/views/HomeView.vue",
    "activeCommit": 0,
    "commits": [
        {
            "activePatchIndex": 0,
            "patches": [
                {
                    "date": 1691990329353,
                    "content": "Index: \n===================================================================\n--- \n+++ \n"
                }
            ],
            "date": 1691990329353,
            "name": "Commit-0",
            "content": "<script setup>\r\n// import { ref } from 'vue'\r\nimport CustomInput from '../components/CustomInput.vue'\r\nimport BuyTicketInfo from '../components/BuyTicketInfo.vue'\r\nimport { useEventData } from '../stores/event'\r\nimport { useRouter, useRoute } from 'vue-router'\r\n\r\nconst router = useRouter()\r\n\r\nconst eventStore = useEventData()\r\n\r\n// const goShoppingCard = () => {\r\n//   router.push(`/ShoppingCart`)\r\n// }\r\n</script>\r\n\r\n<template>\r\n  <div class=\"all\">\r\n    <CustomInput :placeholder=\"`Search`\"  />\r\n    <div class=\"all__bar\">\r\n      <div class=\"all__content\">\r\n        <div class=\"all__content__list\">\r\n          <div class=\"all__content__list__item\">\r\n            <div class=\"all__content__list__item__svg\">\r\n              <svg xmlns=\"http://www.w3.org/2000/svg\" height=\"2em\" viewBox=\"0 0 576 512\">\r\n                <!--! Font Awesome Free 6.4.2 by @fontawesome - https://fontawesome.com License - https://fontawesome.com/license (Commercial License) Copyright 2023 Fonticons, Inc. -->\r\n                <path\r\n                  d=\"M64 64C28.7 64 0 92.7 0 128v64c0 8.8 7.4 15.7 15.7 18.6C34.5 217.1 48 235 48 256s-13.5 38.9-32.3 45.4C7.4 304.3 0 311.2 0 320v64c0 35.3 28.7 64 64 64H512c35.3 0 64-28.7 64-64V320c0-8.8-7.4-15.7-15.7-18.6C541.5 294.9 528 277 528 256s13.5-38.9 32.3-45.4c8.3-2.9 15.7-9.8 15.7-18.6V128c0-35.3-28.7-64-64-64H64zm64 112l0 160c0 8.8 7.2 16 16 16H432c8.8 0 16-7.2 16-16V176c0-8.8-7.2-16-16-16H144c-8.8 0-16 7.2-16 16zM96 160c0-17.7 14.3-32 32-32H448c17.7 0 32 14.3 32 32V352c0 17.7-14.3 32-32 32H128c-17.7 0-32-14.3-32-32V160z\"\r\n                />\r\n              </svg>\r\n            </div>\r\n            <div class=\"all__content__list__item__title\">行程＆體驗</div>\r\n          </div>\r\n          <div class=\"all__content__list__item\">\r\n            <div class=\"all__content__list__item__svg\">\r\n              <svg xmlns=\"http://www.w3.org/2000/svg\" height=\"2em\" viewBox=\"0 0 576 512\">\r\n                <!--! Font Awesome Free 6.4.2 by @fontawesome - https://fontawesome.com License - https://fontawesome.com/license (Commercial License) Copyright 2023 Fonticons, Inc. -->\r\n                <path\r\n                  d=\"M64 64C28.7 64 0 92.7 0 128v64c0 8.8 7.4 15.7 15.7 18.6C34.5 217.1 48 235 48 256s-13.5 38.9-32.3 45.4C7.4 304.3 0 311.2 0 320v64c0 35.3 28.7 64 64 64H512c35.3 0 64-28.7 64-64V320c0-8.8-7.4-15.7-15.7-18.6C541.5 294.9 528 277 528 256s13.5-38.9 32.3-45.4c8.3-2.9 15.7-9.8 15.7-18.6V128c0-35.3-28.7-64-64-64H64zm64 112l0 160c0 8.8 7.2 16 16 16H432c8.8 0 16-7.2 16-16V176c0-8.8-7.2-16-16-16H144c-8.8 0-16 7.2-16 16zM96 160c0-17.7 14.3-32 32-32H448c17.7 0 32 14.3 32 32V352c0 17.7-14.3 32-32 32H128c-17.7 0-32-14.3-32-32V160z\"\r\n                />\r\n              </svg>\r\n            </div>\r\n            <div class=\"all__content__list__item__title\">行程＆體驗</div>\r\n          </div>\r\n          <div class=\"all__content__list__item\">\r\n            <div class=\"all__content__list__item__svg\">\r\n              <svg xmlns=\"http://www.w3.org/2000/svg\" height=\"2em\" viewBox=\"0 0 576 512\">\r\n                <!--! Font Awesome Free 6.4.2 by @fontawesome - https://fontawesome.com License - https://fontawesome.com/license (Commercial License) Copyright 2023 Fonticons, Inc. -->\r\n                <path\r\n                  d=\"M64 64C28.7 64 0 92.7 0 128v64c0 8.8 7.4 15.7 15.7 18.6C34.5 217.1 48 235 48 256s-13.5 38.9-32.3 45.4C7.4 304.3 0 311.2 0 320v64c0 35.3 28.7 64 64 64H512c35.3 0 64-28.7 64-64V320c0-8.8-7.4-15.7-15.7-18.6C541.5 294.9 528 277 528 256s13.5-38.9 32.3-45.4c8.3-2.9 15.7-9.8 15.7-18.6V128c0-35.3-28.7-64-64-64H64zm64 112l0 160c0 8.8 7.2 16 16 16H432c8.8 0 16-7.2 16-16V176c0-8.8-7.2-16-16-16H144c-8.8 0-16 7.2-16 16zM96 160c0-17.7 14.3-32 32-32H448c17.7 0 32 14.3 32 32V352c0 17.7-14.3 32-32 32H128c-17.7 0-32-14.3-32-32V160z\"\r\n                />\r\n              </svg>\r\n            </div>\r\n            <div class=\"all__content__list__item__title\">行程＆體驗</div>\r\n          </div>\r\n          <div class=\"all__content__list__item\">\r\n            <div class=\"all__content__list__item__svg\">\r\n              <svg xmlns=\"http://www.w3.org/2000/svg\" height=\"2em\" viewBox=\"0 0 576 512\">\r\n                <!--! Font Awesome Free 6.4.2 by @fontawesome - https://fontawesome.com License - https://fontawesome.com/license (Commercial License) Copyright 2023 Fonticons, Inc. -->\r\n                <path\r\n                  d=\"M64 64C28.7 64 0 92.7 0 128v64c0 8.8 7.4 15.7 15.7 18.6C34.5 217.1 48 235 48 256s-13.5 38.9-32.3 45.4C7.4 304.3 0 311.2 0 320v64c0 35.3 28.7 64 64 64H512c35.3 0 64-28.7 64-64V320c0-8.8-7.4-15.7-15.7-18.6C541.5 294.9 528 277 528 256s13.5-38.9 32.3-45.4c8.3-2.9 15.7-9.8 15.7-18.6V128c0-35.3-28.7-64-64-64H64zm64 112l0 160c0 8.8 7.2 16 16 16H432c8.8 0 16-7.2 16-16V176c0-8.8-7.2-16-16-16H144c-8.8 0-16 7.2-16 16zM96 160c0-17.7 14.3-32 32-32H448c17.7 0 32 14.3 32 32V352c0 17.7-14.3 32-32 32H128c-17.7 0-32-14.3-32-32V160z\"\r\n                />\r\n              </svg>\r\n            </div>\r\n            <div class=\"all__content__list__item__title\">行程＆體驗</div>\r\n          </div>\r\n          <div class=\"all__content__list__item\">\r\n            <div class=\"all__content__list__item__svg\">\r\n              <svg xmlns=\"http://www.w3.org/2000/svg\" height=\"2em\" viewBox=\"0 0 576 512\">\r\n                <!--! Font Awesome Free 6.4.2 by @fontawesome - https://fontawesome.com License - https://fontawesome.com/license (Commercial License) Copyright 2023 Fonticons, Inc. -->\r\n                <path\r\n                  d=\"M64 64C28.7 64 0 92.7 0 128v64c0 8.8 7.4 15.7 15.7 18.6C34.5 217.1 48 235 48 256s-13.5 38.9-32.3 45.4C7.4 304.3 0 311.2 0 320v64c0 35.3 28.7 64 64 64H512c35.3 0 64-28.7 64-64V320c0-8.8-7.4-15.7-15.7-18.6C541.5 294.9 528 277 528 256s13.5-38.9 32.3-45.4c8.3-2.9 15.7-9.8 15.7-18.6V128c0-35.3-28.7-64-64-64H64zm64 112l0 160c0 8.8 7.2 16 16 16H432c8.8 0 16-7.2 16-16V176c0-8.8-7.2-16-16-16H144c-8.8 0-16 7.2-16 16zM96 160c0-17.7 14.3-32 32-32H448c17.7 0 32 14.3 32 32V352c0 17.7-14.3 32-32 32H128c-17.7 0-32-14.3-32-32V160z\"\r\n                />\r\n              </svg>\r\n            </div>\r\n            <div class=\"all__content__list__item__title\">行程＆體驗</div>\r\n          </div>\r\n        </div>\r\n        <div class=\"all__content__btn\">全部分類</div>\r\n      </div>\r\n      <div class=\"buy\">\r\n        <div class=\"buy__title\">Upcoming events</div>\r\n        <BuyTicketInfo :data=\"eventStore.event\" />\r\n      </div>\r\n    </div>\r\n  </div>\r\n</template>\r\n\r\n<style lang=\"scss\" scoped>\r\n.all {\r\n  display: flex;\r\n  justify-content: space-around;\r\n  flex-direction: column;\r\n  padding: 10px;\r\n\r\n  &__bar {\r\n    overflow: auto;\r\n    // flex: 1;\r\n    height: calc(100vh - 144px);\r\n  }\r\n  &__content {\r\n    // display: flex;\r\n    // justify-content: space-around;\r\n    background: white;\r\n    border-radius: 4px;\r\n    padding: 10px 0;\r\n\r\n    &__btn {\r\n      display: flex;\r\n      align-items: center;\r\n      justify-content: center;\r\n      background: #f0f0f0;\r\n      border-radius: 4px;\r\n      margin: 8px 10px;\r\n      padding: 6px;\r\n    }\r\n\r\n    &__list {\r\n      display: flex;\r\n      justify-content: space-between;\r\n      padding: 4px 0;\r\n      margin: 4px 10px;\r\n\r\n      &__item {\r\n        display: flex;\r\n        flex-direction: column;\r\n        align-items: center;\r\n\r\n        &__title {\r\n          font-size: 0.7rem;\r\n        }\r\n      }\r\n    }\r\n  }\r\n\r\n  .buy {\r\n    &__title {\r\n      margin: 10px 0;\r\n      font-size: 1.5rem;\r\n    }\r\n    &__col {\r\n      background-color: #8ec5fc;\r\n      background-image: linear-gradient(62deg, #8ec5fc 0%, #e0c3fc 100%);\r\n      border-radius: 24px;\r\n      padding-bottom: 15px;\r\n      position: relative;\r\n      margin: 32px 0;\r\n      &__date {\r\n        position: absolute;\r\n        left: 85%;\r\n        background: aliceblue;\r\n        text-align: center;\r\n      }\r\n\r\n      &__title {\r\n        font-size: 1.5rem;\r\n      }\r\n      &__content {\r\n        display: flex;\r\n        justify-content: space-between;\r\n        padding: 2px 12px;\r\n        align-items: center;\r\n      }\r\n      &__description {\r\n        white-space: nowrap;\r\n        overflow: hidden;\r\n        text-overflow: ellipsis;\r\n        max-width: 242px;\r\n      }\r\n\r\n      img {\r\n        border-radius: 24px 24px 0px 0px;\r\n      }\r\n\r\n      &__img {\r\n      }\r\n    }\r\n  }\r\n}\r\n</style>\r\n"
        }
    ]
}