{
    "sourceFile": "src/views/Login.vue",
    "activeCommit": 0,
    "commits": [
        {
            "activePatchIndex": 34,
            "patches": [
                {
                    "date": 1691461514901,
                    "content": "Index: \n===================================================================\n--- \n+++ \n"
                },
                {
                    "date": 1691461652196,
                    "content": "Index: \n===================================================================\n--- \n+++ \n@@ -0,0 +1,3 @@\n+<template></template>\r\n+<script setup>\r\n+</script>\r\n"
                },
                {
                    "date": 1691464902645,
                    "content": "Index: \n===================================================================\n--- \n+++ \n@@ -0,0 +1,29 @@\n+<template>\r\n+\r\n+    <div>\r\n+        REGISTER \r\n+        信箱 <input v-model=\"email\" />\r\n+        密碼 <input v-model=\"password\" />\r\n+\r\n+\r\n+        <button @click=\"registerUser()\"> 登入 </button>\r\n+    </div>\r\n+</template>\r\n+<script setup>\r\n+\r\n+import { ref } from 'vue'\r\n+\r\n+const email = ref('')\r\n+const password = ref('')\r\n+\r\n+\r\n+const registerUser = () => {\r\n+    let data = {}\r\n+    data.email = email.value;\r\n+    data.password = password.value;\r\n+\r\n+    \r\n+}\r\n+\r\n+\r\n+</script>\r\n"
                },
                {
                    "date": 1691466042196,
                    "content": "Index: \n===================================================================\n--- \n+++ \n@@ -11,19 +11,22 @@\n </template>\r\n <script setup>\r\n \r\n import { ref } from 'vue'\r\n-\r\n+import { usePlaneData } from '../stores/login'\r\n const email = ref('')\r\n const password = ref('')\r\n+const loginStore = usePlaneData()\r\n \r\n-\r\n const registerUser = () => {\r\n     let data = {}\r\n     data.email = email.value;\r\n     data.password = password.value;\r\n \r\n-    \r\n+    loginStore.registerUser(data).then(response => {\r\n+        console.log(response.data);\r\n+    });\r\n+\r\n }\r\n \r\n \r\n </script>\r\n"
                },
                {
                    "date": 1691466223893,
                    "content": "Index: \n===================================================================\n--- \n+++ \n@@ -29,11 +29,4 @@\n }\r\n \r\n \r\n </script>\r\n-<template></template>\r\n-<script setup>\r\n-</script>\r\n-<template></template>\r\n-<script setup>\r\n-\r\n-</script>\n\\ No newline at end of file\n"
                },
                {
                    "date": 1691469568506,
                    "content": "Index: \n===================================================================\n--- \n+++ \n@@ -11,21 +11,21 @@\n </template>\r\n <script setup>\r\n \r\n import { ref } from 'vue'\r\n-import { usePlaneData } from '../stores/login'\r\n+// import { usePlaneData } from '../stores/login'\r\n const email = ref('')\r\n const password = ref('')\r\n-const loginStore = usePlaneData()\r\n+// const loginStore = usePlaneData()\r\n \r\n const registerUser = () => {\r\n     let data = {}\r\n     data.email = email.value;\r\n     data.password = password.value;\r\n \r\n-    loginStore.registerUser(data).then(response => {\r\n-        console.log(response.data);\r\n-    });\r\n+    // loginStore.registerUser(data).then(response => {\r\n+    //     console.log(response.data);\r\n+    // });\r\n \r\n }\r\n \r\n \r\n"
                },
                {
                    "date": 1691469754020,
                    "content": "Index: \n===================================================================\n--- \n+++ \n@@ -0,0 +1,32 @@\n+<template>\r\n+\r\n+    <div>\r\n+        REGISTER \r\n+        信箱 <input v-model=\"email\" />\r\n+        密碼 <input v-model=\"password\" />\r\n+\r\n+\r\n+        <button @click=\"registerUser()\"> 登入 </button>\r\n+    </div>\r\n+</template>\r\n+<script setup>\r\n+\r\n+import { ref } from 'vue'\r\n+import { usePlaneData } from '../stores/login'\r\n+const email = ref('')\r\n+const password = ref('')\r\n+const loginStore = usePlaneData()\r\n+\r\n+const registerUser = () => {\r\n+    let data = {}\r\n+    data.email = email.value;\r\n+    data.password = password.value;\r\n+\r\n+    loginStore.registerUser(data).then(response => {\r\n+        console.log(response.data);\r\n+    });\r\n+\r\n+}\r\n+\r\n+\r\n+</script>\r\n"
                },
                {
                    "date": 1691469788910,
                    "content": "Index: \n===================================================================\n--- \n+++ \n@@ -11,9 +11,9 @@\n </template>\r\n <script setup>\r\n \r\n import { ref } from 'vue'\r\n-import { usePlaneData } from '../stores/login'\r\n+import { usePlaneData } from '@/stores/PlaneData.js'\r\n const email = ref('')\r\n const password = ref('')\r\n const loginStore = usePlaneData()\r\n \r\n@@ -29,36 +29,4 @@\n }\r\n \r\n \r\n </script>\r\n-<template>\r\n-\r\n-    <div>\r\n-        REGISTER \r\n-        信箱 <input v-model=\"email\" />\r\n-        密碼 <input v-model=\"password\" />\r\n-\r\n-\r\n-        <button @click=\"registerUser()\"> 登入 </button>\r\n-    </div>\r\n-</template>\r\n-<script setup>\r\n-\r\n-import { ref } from 'vue'\r\n-// import { usePlaneData } from '../stores/login'\r\n-const email = ref('')\r\n-const password = ref('')\r\n-// const loginStore = usePlaneData()\r\n-\r\n-const registerUser = () => {\r\n-    let data = {}\r\n-    data.email = email.value;\r\n-    data.password = password.value;\r\n-\r\n-    // loginStore.registerUser(data).then(response => {\r\n-    //     console.log(response.data);\r\n-    // });\r\n-\r\n-}\r\n-\r\n-\r\n-</script>\r\n"
                },
                {
                    "date": 1691469809325,
                    "content": "Index: \n===================================================================\n--- \n+++ \n@@ -0,0 +1,32 @@\n+<template>\r\n+\r\n+    <div>\r\n+        REGISTER \r\n+        信箱 <input v-model=\"email\" />\r\n+        密碼 <input v-model=\"password\" />\r\n+\r\n+\r\n+        <button @click=\"registerUser()\"> 登入 </button>\r\n+    </div>\r\n+</template>\r\n+<script setup>\r\n+\r\n+import { ref } from 'vue'\r\n+import { usePlaneData } from '@/stores/login.js'\r\n+const email = ref('')\r\n+const password = ref('')\r\n+const loginStore = usePlaneData()\r\n+\r\n+const registerUser = () => {\r\n+    let data = {}\r\n+    data.email = email.value;\r\n+    data.password = password.value;\r\n+\r\n+    loginStore.registerUser(data).then(response => {\r\n+        console.log(response.data);\r\n+    });\r\n+\r\n+}\r\n+\r\n+\r\n+</script>\r\n"
                },
                {
                    "date": 1691469841397,
                    "content": "Index: \n===================================================================\n--- \n+++ \n@@ -0,0 +1,32 @@\n+<template>\r\n+\r\n+    <div>\r\n+        REGISTER \r\n+        信箱 <input v-model=\"email\" />\r\n+        密碼 <input v-model=\"password\" />\r\n+\r\n+\r\n+        <button @click=\"registerUser()\"> 登入 </button>\r\n+    </div>\r\n+</template>\r\n+<script setup>\r\n+\r\n+import { ref } from 'vue'\r\n+import { useLogin } from '@/stores/login.js'\r\n+const email = ref('')\r\n+const password = ref('')\r\n+const loginStore = useLogin()\r\n+\r\n+const registerUser = () => {\r\n+    let data = {}\r\n+    data.email = email.value;\r\n+    data.password = password.value;\r\n+\r\n+    loginStore.registerUser(data).then(response => {\r\n+        console.log(response.data);\r\n+    });\r\n+\r\n+}\r\n+\r\n+\r\n+</script>\r\n"
                },
                {
                    "date": 1691470166291,
                    "content": "Index: \n===================================================================\n--- \n+++ \n@@ -0,0 +1,32 @@\n+<template>\r\n+\r\n+    <div>\r\n+        REGISTER \r\n+        信箱 <input v-model=\"email\" />\r\n+        密碼 <input v-model=\"password\" />\r\n+\r\n+\r\n+        <button @click=\"registerUser()\"> 登入 </button>\r\n+    </div>\r\n+</template>\r\n+<script setup>\r\n+\r\n+import { ref } from 'vue'\r\n+import { useLogin } from '@/stores/login.js'\r\n+const email = ref('')\r\n+const password = ref('')\r\n+const loginStore = useLogin()\r\n+\r\n+const registerUser = () => {\r\n+    let data = {}\r\n+    data.email = email.value;\r\n+    data.password = password.value;\r\n+    console.log(data)\r\n+    loginStore.registerUser(data).then(response => {\r\n+        console.log(response.data);\r\n+    });\r\n+\r\n+}\r\n+\r\n+\r\n+</script>\r\n"
                },
                {
                    "date": 1691470204641,
                    "content": "Index: \n===================================================================\n--- \n+++ \n@@ -11,9 +11,9 @@\n </template>\r\n <script setup>\r\n \r\n import { ref } from 'vue'\r\n-import { useLogin } from '@/stores/login.js'\r\n+import { useLogin } from '../stores/login'\r\n const email = ref('')\r\n const password = ref('')\r\n const loginStore = useLogin()\r\n \r\n"
                },
                {
                    "date": 1691470264092,
                    "content": "Index: \n===================================================================\n--- \n+++ \n@@ -20,109 +20,13 @@\n const registerUser = () => {\r\n     let data = {}\r\n     data.email = email.value;\r\n     data.password = password.value;\r\n-    console.log(data)\r\n+    console.log(loginStore)\r\n     loginStore.registerUser(data).then(response => {\r\n         console.log(response.data);\r\n     });\r\n \r\n }\r\n \r\n \r\n </script>\r\n-<template>\r\n-\r\n-    <div>\r\n-        REGISTER \r\n-        信箱 <input v-model=\"email\" />\r\n-        密碼 <input v-model=\"password\" />\r\n-\r\n-\r\n-        <button @click=\"registerUser()\"> 登入 </button>\r\n-    </div>\r\n-</template>\r\n-<script setup>\r\n-\r\n-import { ref } from 'vue'\r\n-import { useLogin } from '@/stores/login.js'\r\n-const email = ref('')\r\n-const password = ref('')\r\n-const loginStore = useLogin()\r\n-\r\n-const registerUser = () => {\r\n-    let data = {}\r\n-    data.email = email.value;\r\n-    data.password = password.value;\r\n-\r\n-    loginStore.registerUser(data).then(response => {\r\n-        console.log(response.data);\r\n-    });\r\n-\r\n-}\r\n-\r\n-\r\n-</script>\r\n-<template>\r\n-\r\n-    <div>\r\n-        REGISTER \r\n-        信箱 <input v-model=\"email\" />\r\n-        密碼 <input v-model=\"password\" />\r\n-\r\n-\r\n-        <button @click=\"registerUser()\"> 登入 </button>\r\n-    </div>\r\n-</template>\r\n-<script setup>\r\n-\r\n-import { ref } from 'vue'\r\n-import { usePlaneData } from '@/stores/login.js'\r\n-const email = ref('')\r\n-const password = ref('')\r\n-const loginStore = usePlaneData()\r\n-\r\n-const registerUser = () => {\r\n-    let data = {}\r\n-    data.email = email.value;\r\n-    data.password = password.value;\r\n-\r\n-    loginStore.registerUser(data).then(response => {\r\n-        console.log(response.data);\r\n-    });\r\n-\r\n-}\r\n-\r\n-\r\n-</script>\r\n-<template>\r\n-\r\n-    <div>\r\n-        REGISTER \r\n-        信箱 <input v-model=\"email\" />\r\n-        密碼 <input v-model=\"password\" />\r\n-\r\n-\r\n-        <button @click=\"registerUser()\"> 登入 </button>\r\n-    </div>\r\n-</template>\r\n-<script setup>\r\n-\r\n-import { ref } from 'vue'\r\n-import { usePlaneData } from '@/stores/PlaneData.js'\r\n-const email = ref('')\r\n-const password = ref('')\r\n-const loginStore = usePlaneData()\r\n-\r\n-const registerUser = () => {\r\n-    let data = {}\r\n-    data.email = email.value;\r\n-    data.password = password.value;\r\n-\r\n-    loginStore.registerUser(data).then(response => {\r\n-        console.log(response.data);\r\n-    });\r\n-\r\n-}\r\n-\r\n-\r\n-</script>\r\n"
                },
                {
                    "date": 1691470467871,
                    "content": "Index: \n===================================================================\n--- \n+++ \n@@ -0,0 +1,32 @@\n+<template>\r\n+\r\n+    <div>\r\n+        REGISTER \r\n+        信箱 <input v-model=\"email\" />\r\n+        密碼 <input v-model=\"password\" />\r\n+\r\n+\r\n+        <button @click=\"registerUser()\"> 登入 </button>\r\n+    </div>\r\n+</template>\r\n+<script setup>\r\n+\r\n+import { ref } from 'vue'\r\n+import { useLogin } from '../stores/login'\r\n+const email = ref('')\r\n+const password = ref('')\r\n+const loginStore = useLogin()\r\n+\r\n+const registerUser = () => {\r\n+    const data = {\r\n+        email: email.value,\r\n+        password: password.value\r\n+    }\r\n+    console.log(loginStore)\r\n+    loginStore.registerUser(data).then(response => {\r\n+        console.log(response.data);\r\n+    });\r\n+}\r\n+\r\n+\r\n+</script>\r\n"
                },
                {
                    "date": 1691470865396,
                    "content": "Index: \n===================================================================\n--- \n+++ \n@@ -23,42 +23,10 @@\n         password: password.value\r\n     }\r\n     console.log(loginStore)\r\n     loginStore.registerUser(data).then(response => {\r\n-        console.log(response.data);\r\n+        console.log(response);\r\n     });\r\n }\r\n \r\n \r\n </script>\r\n-<template>\r\n-\r\n-    <div>\r\n-        REGISTER \r\n-        信箱 <input v-model=\"email\" />\r\n-        密碼 <input v-model=\"password\" />\r\n-\r\n-\r\n-        <button @click=\"registerUser()\"> 登入 </button>\r\n-    </div>\r\n-</template>\r\n-<script setup>\r\n-\r\n-import { ref } from 'vue'\r\n-import { useLogin } from '../stores/login'\r\n-const email = ref('')\r\n-const password = ref('')\r\n-const loginStore = useLogin()\r\n-\r\n-const registerUser = () => {\r\n-    let data = {}\r\n-    data.email = email.value;\r\n-    data.password = password.value;\r\n-    console.log(loginStore)\r\n-    loginStore.registerUser(data).then(response => {\r\n-        console.log(response.data);\r\n-    });\r\n-\r\n-}\r\n-\r\n-\r\n-</script>\r\n"
                },
                {
                    "date": 1691473094902,
                    "content": "Index: \n===================================================================\n--- \n+++ \n@@ -0,0 +1,32 @@\n+<template>\r\n+\r\n+    <div>\r\n+        REGISTER \r\n+        信箱 <input v-model=\"email\" />\r\n+        密碼 <input v-model=\"password\" />\r\n+\r\n+\r\n+        <button @click=\"registerUser()\"> 登入 </button>\r\n+    </div>\r\n+</template>\r\n+<script setup>\r\n+\r\n+import { ref } from 'vue'\r\n+import { useLogin } from '../stores/login'\r\n+const email = ref('eve.holt@reqres.in')\r\n+const password = ref('pistol')\r\n+const loginStore = useLogin()\r\n+\r\n+const registerUser = () => {\r\n+    const data = {\r\n+        email: email.value,\r\n+        password: password.value\r\n+    }\r\n+    console.log(loginStore)\r\n+    loginStore.registerUser(data).then(response => {\r\n+        console.log(response);\r\n+    });\r\n+}\r\n+\r\n+\r\n+</script>\r\n"
                },
                {
                    "date": 1691473574290,
                    "content": "Index: \n===================================================================\n--- \n+++ \n@@ -1,8 +1,8 @@\n <template>\r\n \r\n     <div>\r\n-        REGISTER \r\n+        Logib \r\n         信箱 <input v-model=\"email\" />\r\n         密碼 <input v-model=\"password\" />\r\n \r\n \r\n@@ -29,36 +29,4 @@\n }\r\n \r\n \r\n </script>\r\n-<template>\r\n-\r\n-    <div>\r\n-        REGISTER \r\n-        信箱 <input v-model=\"email\" />\r\n-        密碼 <input v-model=\"password\" />\r\n-\r\n-\r\n-        <button @click=\"registerUser()\"> 登入 </button>\r\n-    </div>\r\n-</template>\r\n-<script setup>\r\n-\r\n-import { ref } from 'vue'\r\n-import { useLogin } from '../stores/login'\r\n-const email = ref('')\r\n-const password = ref('')\r\n-const loginStore = useLogin()\r\n-\r\n-const registerUser = () => {\r\n-    const data = {\r\n-        email: email.value,\r\n-        password: password.value\r\n-    }\r\n-    console.log(loginStore)\r\n-    loginStore.registerUser(data).then(response => {\r\n-        console.log(response);\r\n-    });\r\n-}\r\n-\r\n-\r\n-</script>\r\n"
                },
                {
                    "date": 1691473596534,
                    "content": "Index: \n===================================================================\n--- \n+++ \n@@ -0,0 +1,30 @@\n+<template>\r\n+\r\n+    <div>\r\n+        Login \r\n+        信箱 <input v-model=\"email\" />\r\n+        密碼 <input v-model=\"password\" />\r\n+        <button @click=\"registerUser()\"> 登入 </button>\r\n+    </div>\r\n+</template>\r\n+<script setup>\r\n+\r\n+import { ref } from 'vue'\r\n+import { useLogin } from '../stores/login'\r\n+const email = ref('eve.holt@reqres.in')\r\n+const password = ref('cityslicka')\r\n+const loginStore = useLogin()\r\n+\r\n+const registerUser = () => {\r\n+    const data = {\r\n+        email: email.value,\r\n+        password: password.value\r\n+    }\r\n+    console.log(loginStore)\r\n+    loginStore.registerUser(data).then(response => {\r\n+        console.log(response);\r\n+    });\r\n+}\r\n+\r\n+\r\n+</script>\r\n"
                },
                {
                    "date": 1691473995163,
                    "content": "Index: \n===================================================================\n--- \n+++ \n@@ -3,9 +3,9 @@\n     <div>\r\n         Login \r\n         信箱 <input v-model=\"email\" />\r\n         密碼 <input v-model=\"password\" />\r\n-        <button @click=\"registerUser()\"> 登入 </button>\r\n+        <button @click=\"loginUser()\"> 登入 </button>\r\n     </div>\r\n </template>\r\n <script setup>\r\n \r\n@@ -14,49 +14,17 @@\n const email = ref('eve.holt@reqres.in')\r\n const password = ref('cityslicka')\r\n const loginStore = useLogin()\r\n \r\n-const registerUser = () => {\r\n+const loginUser = () => {\r\n     const data = {\r\n         email: email.value,\r\n         password: password.value\r\n     }\r\n     console.log(loginStore)\r\n-    loginStore.registerUser(data).then(response => {\r\n+    loginStore.loginUser(data).then(response => {\r\n         console.log(response);\r\n     });\r\n }\r\n \r\n \r\n </script>\r\n-<template>\r\n-\r\n-    <div>\r\n-        Logib \r\n-        信箱 <input v-model=\"email\" />\r\n-        密碼 <input v-model=\"password\" />\r\n-\r\n-\r\n-        <button @click=\"registerUser()\"> 登入 </button>\r\n-    </div>\r\n-</template>\r\n-<script setup>\r\n-\r\n-import { ref } from 'vue'\r\n-import { useLogin } from '../stores/login'\r\n-const email = ref('eve.holt@reqres.in')\r\n-const password = ref('pistol')\r\n-const loginStore = useLogin()\r\n-\r\n-const registerUser = () => {\r\n-    const data = {\r\n-        email: email.value,\r\n-        password: password.value\r\n-    }\r\n-    console.log(loginStore)\r\n-    loginStore.registerUser(data).then(response => {\r\n-        console.log(response);\r\n-    });\r\n-}\r\n-\r\n-\r\n-</script>\r\n"
                },
                {
                    "date": 1691478822851,
                    "content": "Index: \n===================================================================\n--- \n+++ \n@@ -10,8 +10,10 @@\n <script setup>\r\n \r\n import { ref } from 'vue'\r\n import { useLogin } from '../stores/login'\r\n+import { useRouter } from 'vue-router';\r\n+const router = useRouter();\r\n const email = ref('eve.holt@reqres.in')\r\n const password = ref('cityslicka')\r\n const loginStore = useLogin()\r\n \r\n@@ -21,9 +23,11 @@\n         password: password.value\r\n     }\r\n     console.log(loginStore)\r\n     loginStore.loginUser(data).then(response => {\r\n-        console.log(response);\r\n+        if(response.token) { // 或其他判斷token的方法\r\n+            router.push({ path: '/About' }); \r\n+        }\r\n     });\r\n }\r\n \r\n \r\n"
                },
                {
                    "date": 1691555467528,
                    "content": "Index: \n===================================================================\n--- \n+++ \n@@ -1,34 +1,107 @@\n <template>\r\n-\r\n-    <div>\r\n-        Login \r\n-        信箱 <input v-model=\"email\" />\r\n-        密碼 <input v-model=\"password\" />\r\n-        <button @click=\"loginUser()\"> 登入 </button>\r\n+  <div class=\"login\">\r\n+    <div class=\"login__label\">LOGIN ACCOUNT</div>\r\n+    <div class=\"login__form\">\r\n+      <div class=\"login__email__label\">Email</div>\r\n+      <div class=\"login__email\">\r\n+        <input type=\"text\" v-model=\"email\" />\r\n+      </div>\r\n     </div>\r\n+    <div class=\"login__form\">\r\n+      <div class=\"login__password__label\">Password</div>\r\n+      <div class=\"login__password\">\r\n+        <input type=\"password\" v-model=\"password\" />\r\n+      </div>\r\n+    </div>\r\n+    <div class=\"login__btn\">\r\n+      <button @click=\"loginUser()\">登入</button>\r\n+    </div>\r\n+    <div class=\"login__goBtn\" @click=\"goRegister()\">尚未註冊?</div>\r\n+  </div>\r\n </template>\r\n <script setup>\r\n-\r\n import { ref } from 'vue'\r\n import { useLogin } from '../stores/login'\r\n-import { useRouter } from 'vue-router';\r\n-const router = useRouter();\r\n-const email = ref('eve.holt@reqres.in')\r\n-const password = ref('cityslicka')\r\n+import { useRouter } from 'vue-router'\r\n+const router = useRouter()\r\n+const email = ref('john@mail.com')\r\n+const password = ref('changeme')\r\n const loginStore = useLogin()\r\n \r\n const loginUser = () => {\r\n-    const data = {\r\n-        email: email.value,\r\n-        password: password.value\r\n+  const data = {\r\n+    email: email.value,\r\n+    password: password.value\r\n+  }\r\n+  console.log(loginStore)\r\n+  loginStore.loginUser(data).then((response) => {\r\n+    if (response.token) {\r\n+      // 或其他判斷token的方法\r\n+      router.push({ path: '/about' })\r\n     }\r\n-    console.log(loginStore)\r\n-    loginStore.loginUser(data).then(response => {\r\n-        if(response.token) { // 或其他判斷token的方法\r\n-            router.push({ path: '/About' }); \r\n-        }\r\n-    });\r\n+  })\r\n }\r\n \r\n+const goRegister = () => {\r\n+  router.push({ path: '/register' })\r\n+}\r\n+</script>\r\n+<style lang=\"scss\" scoped>\r\n+input {\r\n+  outline: none;\r\n+  display: block;\r\n+  background: rgba(0, 0, 0, 0.1);\r\n+  width: 100%;\r\n+  border: 0;\r\n+  border-radius: 4px;\r\n+  box-sizing: border-box;\r\n+  padding: 12px 20px;\r\n+  color: rgba(0, 0, 0, 0.6);\r\n+  font-family: inherit;\r\n+  font-size: inherit;\r\n+  font-weight: 500;\r\n+  line-height: inherit;\r\n+  transition: 0.3s ease;\r\n+}\r\n+.login {\r\n+  display: flex;\r\n+  flex-direction: column;\r\n+  justify-content: center;\r\n+  height: 100vh;\r\n+  padding: 25px;\r\n \r\n-</script>\r\n+  &__goBtn {\r\n+    margin-top: 10px;\r\n+    text-align: right;\r\n+    cursor: pointer;\r\n+  }\r\n+\r\n+  &__form {\r\n+    padding: 10px 0;\r\n+  }\r\n+\r\n+  &__label {\r\n+    font-size: 1.5rem;\r\n+    font-weight: 500;\r\n+    text-align: center;\r\n+    margin-bottom: 1rem;\r\n+  }\r\n+\r\n+  &__btn button {\r\n+    outline: none;\r\n+    width: 100%;\r\n+    border: 0;\r\n+    border-radius: 4px;\r\n+    padding: 12px 20px;\r\n+    color: #ffffff;\r\n+    font-family: inherit;\r\n+    font-size: inherit;\r\n+    font-weight: 500;\r\n+    line-height: inherit;\r\n+    text-transform: uppercase;\r\n+    cursor: pointer;\r\n+    background: aliceblue;\r\n+    color: #4285f4;\r\n+  }\r\n+}\r\n+</style>\r\n"
                },
                {
                    "date": 1691555482223,
                    "content": "Index: \n===================================================================\n--- \n+++ \n@@ -0,0 +1,107 @@\n+<template>\r\n+  <div class=\"login\">\r\n+    <div class=\"login__label\">LOGIN ACCOUNT</div>\r\n+    <div class=\"login__form\">\r\n+      <div class=\"login__email__label\">Email</div>\r\n+      <div class=\"login__email\">\r\n+        <input type=\"text\" v-model=\"email\" />\r\n+      </div>\r\n+    </div>\r\n+    <div class=\"login__form\">\r\n+      <div class=\"login__password__label\">Password</div>\r\n+      <div class=\"login__password\">\r\n+        <input type=\"password\" v-model=\"password\" />\r\n+      </div>\r\n+    </div>\r\n+    <div class=\"login__btn\">\r\n+      <button @click=\"loginUser()\">登入</button>\r\n+    </div>\r\n+    <div class=\"login__goBtn\" @click=\"goRegister()\">尚未註冊?</div>\r\n+  </div>\r\n+</template>\r\n+<script setup>\r\n+import { ref } from 'vue'\r\n+import { useLogin } from '../stores/login'\r\n+import { useRouter } from 'vue-router'\r\n+const router = useRouter()\r\n+const email = ref('john@mail.com')\r\n+const password = ref('changeme')\r\n+const loginStore = useLogin()\r\n+\r\n+const loginUser = () => {\r\n+  const data = {\r\n+    email: email.value,\r\n+    password: password.value\r\n+  }\r\n+  console.log(loginStore)\r\n+  loginStore.loginUser(data).then((response) => {\r\n+    if (response.token) {\r\n+      // 或其他判斷token的方法\r\n+      router.push({ path: '/about' })\r\n+    }\r\n+  })\r\n+}\r\n+\r\n+const goRegister = () => {\r\n+  router.push({ path: '/register' })\r\n+}\r\n+</script>\r\n+<style lang=\"scss\" scoped>\r\n+input {\r\n+  outline: none;\r\n+  display: block;\r\n+  background: rgba(0, 0, 0, 0.1);\r\n+  width: 100%;\r\n+  border: 0;\r\n+  border-radius: 4px;\r\n+  box-sizing: border-box;\r\n+  padding: 12px 20px;\r\n+  color: rgba(0, 0, 0, 0.6);\r\n+  font-family: inherit;\r\n+  font-size: inherit;\r\n+  font-weight: 500;\r\n+  line-height: inherit;\r\n+  transition: 0.3s ease;\r\n+}\r\n+.login {\r\n+  display: flex;\r\n+  flex-direction: column;\r\n+  justify-content: center;\r\n+  height: 100vh;\r\n+  padding: 25px;\r\n+\r\n+  &__goBtn {\r\n+    margin-top: 10px;\r\n+    text-align: right;\r\n+    cursor: pointer;\r\n+  }\r\n+\r\n+  &__form {\r\n+    padding: 10px 0;\r\n+  }\r\n+\r\n+  &__label {\r\n+    font-size: 1.5rem;\r\n+    font-weight: 500;\r\n+    text-align: center;\r\n+    margin-bottom: 1rem;\r\n+  }\r\n+\r\n+  &__btn button {\r\n+    outline: none;\r\n+    width: 100%;\r\n+    border: 0;\r\n+    border-radius: 4px;\r\n+    padding: 12px 20px;\r\n+    color: #ffffff;\r\n+    font-family: inherit;\r\n+    font-size: inherit;\r\n+    font-weight: 500;\r\n+    line-height: inherit;\r\n+    text-transform: uppercase;\r\n+    cursor: pointer;\r\n+    background: aliceblue;\r\n+    color: #4285f4;\r\n+  }\r\n+}\r\n+</style>\r\n"
                },
                {
                    "date": 1691555523779,
                    "content": "Index: \n===================================================================\n--- \n+++ \n@@ -34,9 +34,9 @@\n     password: password.value\r\n   }\r\n   console.log(loginStore)\r\n   loginStore.loginUser(data).then((response) => {\r\n-    if (response.token) {\r\n+    if (response.access_token) {\r\n       // 或其他判斷token的方法\r\n       router.push({ path: '/about' })\r\n     }\r\n   })\r\n@@ -104,111 +104,4 @@\n     color: #4285f4;\r\n   }\r\n }\r\n </style>\r\n-<template>\r\n-  <div class=\"login\">\r\n-    <div class=\"login__label\">LOGIN ACCOUNT</div>\r\n-    <div class=\"login__form\">\r\n-      <div class=\"login__email__label\">Email</div>\r\n-      <div class=\"login__email\">\r\n-        <input type=\"text\" v-model=\"email\" />\r\n-      </div>\r\n-    </div>\r\n-    <div class=\"login__form\">\r\n-      <div class=\"login__password__label\">Password</div>\r\n-      <div class=\"login__password\">\r\n-        <input type=\"password\" v-model=\"password\" />\r\n-      </div>\r\n-    </div>\r\n-    <div class=\"login__btn\">\r\n-      <button @click=\"loginUser()\">登入</button>\r\n-    </div>\r\n-    <div class=\"login__goBtn\" @click=\"goRegister()\">尚未註冊?</div>\r\n-  </div>\r\n-</template>\r\n-<script setup>\r\n-import { ref } from 'vue'\r\n-import { useLogin } from '../stores/login'\r\n-import { useRouter } from 'vue-router'\r\n-const router = useRouter()\r\n-const email = ref('john@mail.com')\r\n-const password = ref('changeme')\r\n-const loginStore = useLogin()\r\n-\r\n-const loginUser = () => {\r\n-  const data = {\r\n-    email: email.value,\r\n-    password: password.value\r\n-  }\r\n-  console.log(loginStore)\r\n-  loginStore.loginUser(data).then((response) => {\r\n-    if (response.token) {\r\n-      // 或其他判斷token的方法\r\n-      router.push({ path: '/about' })\r\n-    }\r\n-  })\r\n-}\r\n-\r\n-const goRegister = () => {\r\n-  router.push({ path: '/register' })\r\n-}\r\n-</script>\r\n-<style lang=\"scss\" scoped>\r\n-input {\r\n-  outline: none;\r\n-  display: block;\r\n-  background: rgba(0, 0, 0, 0.1);\r\n-  width: 100%;\r\n-  border: 0;\r\n-  border-radius: 4px;\r\n-  box-sizing: border-box;\r\n-  padding: 12px 20px;\r\n-  color: rgba(0, 0, 0, 0.6);\r\n-  font-family: inherit;\r\n-  font-size: inherit;\r\n-  font-weight: 500;\r\n-  line-height: inherit;\r\n-  transition: 0.3s ease;\r\n-}\r\n-.login {\r\n-  display: flex;\r\n-  flex-direction: column;\r\n-  justify-content: center;\r\n-  height: 100vh;\r\n-  padding: 25px;\r\n-\r\n-  &__goBtn {\r\n-    margin-top: 10px;\r\n-    text-align: right;\r\n-    cursor: pointer;\r\n-  }\r\n-\r\n-  &__form {\r\n-    padding: 10px 0;\r\n-  }\r\n-\r\n-  &__label {\r\n-    font-size: 1.5rem;\r\n-    font-weight: 500;\r\n-    text-align: center;\r\n-    margin-bottom: 1rem;\r\n-  }\r\n-\r\n-  &__btn button {\r\n-    outline: none;\r\n-    width: 100%;\r\n-    border: 0;\r\n-    border-radius: 4px;\r\n-    padding: 12px 20px;\r\n-    color: #ffffff;\r\n-    font-family: inherit;\r\n-    font-size: inherit;\r\n-    font-weight: 500;\r\n-    line-height: inherit;\r\n-    text-transform: uppercase;\r\n-    cursor: pointer;\r\n-    background: aliceblue;\r\n-    color: #4285f4;\r\n-  }\r\n-}\r\n-</style>\r\n"
                },
                {
                    "date": 1691983808441,
                    "content": "Index: \n===================================================================\n--- \n+++ \n@@ -23,10 +23,10 @@\n import { ref } from 'vue'\r\n import { useLogin } from '../stores/login'\r\n import { useRouter } from 'vue-router'\r\n const router = useRouter()\r\n-const email = ref('john@mail.com')\r\n-const password = ref('changeme')\r\n+const email = ref('frances@kk.kk')\r\n+const password = ref('123456')\r\n const loginStore = useLogin()\r\n \r\n const loginUser = () => {\r\n   const data = {\r\n@@ -35,10 +35,9 @@\n   }\r\n   console.log(loginStore)\r\n   loginStore.loginUser(data).then((response) => {\r\n     if (response.access_token) {\r\n-      // 或其他判斷token的方法\r\n-      router.push({ path: '/about' })\r\n+      router.push({ path: '/dashboard' })\r\n     }\r\n   })\r\n }\r\n \r\n"
                },
                {
                    "date": 1692146325603,
                    "content": "Index: \n===================================================================\n--- \n+++ \n@@ -28,14 +28,14 @@\n const password = ref('123456')\r\n const loginStore = useLogin()\r\n \r\n const loginUser = () => {\r\n-  const data = {\r\n-    email: email.value,\r\n-    password: password.value\r\n-  }\r\n+  // const data = {\r\n+  //   email: email.value,\r\n+  //   password: password.value\r\n+  // }\r\n   console.log(loginStore)\r\n-  loginStore.loginUser(data).then((response) => {\r\n+  loginStore.loginUser(email.value , password.value).then((response) => {\r\n     if (response.access_token) {\r\n       router.push({ path: '/dashboard' })\r\n     }\r\n   })\r\n"
                },
                {
                    "date": 1692146389730,
                    "content": "Index: \n===================================================================\n--- \n+++ \n@@ -0,0 +1,107 @@\n+<template>\r\n+  <div class=\"login\">\r\n+    <div class=\"login__label\">LOGIN ACCOUNT</div>\r\n+    <div class=\"login__form\">\r\n+      <div class=\"login__email__label\">Email</div>\r\n+      <div class=\"login__email\">\r\n+        <input type=\"text\" v-model=\"email\" />\r\n+      </div>\r\n+    </div>\r\n+    <div class=\"login__form\">\r\n+      <div class=\"login__password__label\">Password</div>\r\n+      <div class=\"login__password\">\r\n+        <input type=\"password\" v-model=\"password\" />\r\n+      </div>\r\n+    </div>\r\n+    <div class=\"login__btn\">\r\n+      <button @click=\"loginUser()\">登入</button>\r\n+    </div>\r\n+    <div class=\"login__goBtn\" @click=\"goRegister()\">尚未註冊?</div>\r\n+  </div>\r\n+</template>\r\n+<script setup>\r\n+import { ref } from 'vue'\r\n+import { useLogin } from '../stores/login'\r\n+import { useRouter } from 'vue-router'\r\n+const router = useRouter()\r\n+const email = ref('frances@kk.kk')\r\n+const password = ref('123456')\r\n+const loginStore = useLogin()\r\n+\r\n+const loginUser = () => {\r\n+  // const data = {\r\n+  //   email: email.value,\r\n+  //   password: password.value\r\n+  // }\r\n+  console.log(loginStore)\r\n+  loginStore.loginUser(email.value , password.value).then((response) => {\r\n+    if (response.access_token) {\r\n+      // router.push({ path: '/dashboard' })\r\n+      router.replace(router.query.redirect || '/dashboard')\r\n+    }\r\n+  })\r\n+}\r\n+\r\n+const goRegister = () => {\r\n+  router.push({ path: '/register' })\r\n+}\r\n+</script>\r\n+<style lang=\"scss\" scoped>\r\n+input {\r\n+  outline: none;\r\n+  display: block;\r\n+  background: rgba(0, 0, 0, 0.1);\r\n+  width: 100%;\r\n+  border: 0;\r\n+  border-radius: 4px;\r\n+  box-sizing: border-box;\r\n+  padding: 12px 20px;\r\n+  color: rgba(0, 0, 0, 0.6);\r\n+  font-family: inherit;\r\n+  font-size: inherit;\r\n+  font-weight: 500;\r\n+  line-height: inherit;\r\n+  transition: 0.3s ease;\r\n+}\r\n+.login {\r\n+  display: flex;\r\n+  flex-direction: column;\r\n+  justify-content: center;\r\n+  height: 100vh;\r\n+  padding: 25px;\r\n+\r\n+  &__goBtn {\r\n+    margin-top: 10px;\r\n+    text-align: right;\r\n+    cursor: pointer;\r\n+  }\r\n+\r\n+  &__form {\r\n+    padding: 10px 0;\r\n+  }\r\n+\r\n+  &__label {\r\n+    font-size: 1.5rem;\r\n+    font-weight: 500;\r\n+    text-align: center;\r\n+    margin-bottom: 1rem;\r\n+  }\r\n+\r\n+  &__btn button {\r\n+    outline: none;\r\n+    width: 100%;\r\n+    border: 0;\r\n+    border-radius: 4px;\r\n+    padding: 12px 20px;\r\n+    color: #ffffff;\r\n+    font-family: inherit;\r\n+    font-size: inherit;\r\n+    font-weight: 500;\r\n+    line-height: inherit;\r\n+    text-transform: uppercase;\r\n+    cursor: pointer;\r\n+    background: aliceblue;\r\n+    color: #4285f4;\r\n+  }\r\n+}\r\n+</style>\r\n"
                },
                {
                    "date": 1692146798923,
                    "content": "Index: \n===================================================================\n--- \n+++ \n@@ -33,11 +33,16 @@\n   //   email: email.value,\r\n   //   password: password.value\r\n   // }\r\n   console.log(loginStore)\r\n-  loginStore.loginUser(email.value , password.value).then((response) => {\r\n+  // loginStore.loginUser(email.value , password.value).then((response) => {\r\n+  //   if (response.access_token) {\r\n+  //     // router.push({ path: '/dashboard' })\r\n+  //     router.replace(router.query.redirect || '/dashboard')\r\n+  //   }\r\n+  // })\r\n+  loginStore.loginUser(email.value , password.value , loggedIn => {\r\n     if (response.access_token) {\r\n-      // router.push({ path: '/dashboard' })\r\n       router.replace(router.query.redirect || '/dashboard')\r\n     }\r\n   })\r\n }\r\n@@ -104,110 +109,4 @@\n     color: #4285f4;\r\n   }\r\n }\r\n </style>\r\n-<template>\r\n-  <div class=\"login\">\r\n-    <div class=\"login__label\">LOGIN ACCOUNT</div>\r\n-    <div class=\"login__form\">\r\n-      <div class=\"login__email__label\">Email</div>\r\n-      <div class=\"login__email\">\r\n-        <input type=\"text\" v-model=\"email\" />\r\n-      </div>\r\n-    </div>\r\n-    <div class=\"login__form\">\r\n-      <div class=\"login__password__label\">Password</div>\r\n-      <div class=\"login__password\">\r\n-        <input type=\"password\" v-model=\"password\" />\r\n-      </div>\r\n-    </div>\r\n-    <div class=\"login__btn\">\r\n-      <button @click=\"loginUser()\">登入</button>\r\n-    </div>\r\n-    <div class=\"login__goBtn\" @click=\"goRegister()\">尚未註冊?</div>\r\n-  </div>\r\n-</template>\r\n-<script setup>\r\n-import { ref } from 'vue'\r\n-import { useLogin } from '../stores/login'\r\n-import { useRouter } from 'vue-router'\r\n-const router = useRouter()\r\n-const email = ref('frances@kk.kk')\r\n-const password = ref('123456')\r\n-const loginStore = useLogin()\r\n-\r\n-const loginUser = () => {\r\n-  // const data = {\r\n-  //   email: email.value,\r\n-  //   password: password.value\r\n-  // }\r\n-  console.log(loginStore)\r\n-  loginStore.loginUser(email.value , password.value).then((response) => {\r\n-    if (response.access_token) {\r\n-      router.push({ path: '/dashboard' })\r\n-    }\r\n-  })\r\n-}\r\n-\r\n-const goRegister = () => {\r\n-  router.push({ path: '/register' })\r\n-}\r\n-</script>\r\n-<style lang=\"scss\" scoped>\r\n-input {\r\n-  outline: none;\r\n-  display: block;\r\n-  background: rgba(0, 0, 0, 0.1);\r\n-  width: 100%;\r\n-  border: 0;\r\n-  border-radius: 4px;\r\n-  box-sizing: border-box;\r\n-  padding: 12px 20px;\r\n-  color: rgba(0, 0, 0, 0.6);\r\n-  font-family: inherit;\r\n-  font-size: inherit;\r\n-  font-weight: 500;\r\n-  line-height: inherit;\r\n-  transition: 0.3s ease;\r\n-}\r\n-.login {\r\n-  display: flex;\r\n-  flex-direction: column;\r\n-  justify-content: center;\r\n-  height: 100vh;\r\n-  padding: 25px;\r\n-\r\n-  &__goBtn {\r\n-    margin-top: 10px;\r\n-    text-align: right;\r\n-    cursor: pointer;\r\n-  }\r\n-\r\n-  &__form {\r\n-    padding: 10px 0;\r\n-  }\r\n-\r\n-  &__label {\r\n-    font-size: 1.5rem;\r\n-    font-weight: 500;\r\n-    text-align: center;\r\n-    margin-bottom: 1rem;\r\n-  }\r\n-\r\n-  &__btn button {\r\n-    outline: none;\r\n-    width: 100%;\r\n-    border: 0;\r\n-    border-radius: 4px;\r\n-    padding: 12px 20px;\r\n-    color: #ffffff;\r\n-    font-family: inherit;\r\n-    font-size: inherit;\r\n-    font-weight: 500;\r\n-    line-height: inherit;\r\n-    text-transform: uppercase;\r\n-    cursor: pointer;\r\n-    background: aliceblue;\r\n-    color: #4285f4;\r\n-  }\r\n-}\r\n-</style>\r\n"
                },
                {
                    "date": 1692152315553,
                    "content": "Index: \n===================================================================\n--- \n+++ \n@@ -40,9 +40,14 @@\n   //     router.replace(router.query.redirect || '/dashboard')\r\n   //   }\r\n   // })\r\n   loginStore.loginUser(email.value , password.value , loggedIn => {\r\n-    if (response.access_token) {\r\n+    // if (response.access_token) {\r\n+    //   router.replace(router.query.redirect || '/dashboard')\r\n+    // }\r\n+    if (!loggedIn) {\r\n+      alert('登入失敗')\r\n+    }else{\r\n       router.replace(router.query.redirect || '/dashboard')\r\n     }\r\n   })\r\n }\r\n"
                },
                {
                    "date": 1692152404810,
                    "content": "Index: \n===================================================================\n--- \n+++ \n@@ -0,0 +1,117 @@\n+<template>\r\n+  <div class=\"login\">\r\n+    <div class=\"login__label\">LOGIN ACCOUNT</div>\r\n+    <div class=\"login__form\">\r\n+      <div class=\"login__email__label\">Email</div>\r\n+      <div class=\"login__email\">\r\n+        <input type=\"text\" v-model=\"email\" />\r\n+      </div>\r\n+    </div>\r\n+    <div class=\"login__form\">\r\n+      <div class=\"login__password__label\">Password</div>\r\n+      <div class=\"login__password\">\r\n+        <input type=\"password\" v-model=\"password\" />\r\n+      </div>\r\n+    </div>\r\n+    <div class=\"login__btn\">\r\n+      <button @click=\"loginUser()\">登入</button>\r\n+    </div>\r\n+    <div class=\"login__goBtn\" @click=\"goRegister()\">尚未註冊?</div>\r\n+  </div>\r\n+</template>\r\n+<script setup>\r\n+import { ref } from 'vue'\r\n+import { useLogin } from '../stores/login'\r\n+import { useRouter } from 'vue-router'\r\n+const router = useRouter()\r\n+const email = ref('frances@kk.kk')\r\n+const password = ref('123456')\r\n+const loginStore = useLogin()\r\n+\r\n+const loginUser = () => {\r\n+  const data = {\r\n+    email: email.value,\r\n+    password: password.value\r\n+  }\r\n+  console.log(loginStore)\r\n+  // loginStore.loginUser(email.value , password.value).then((response) => {\r\n+  //   if (response.access_token) {\r\n+  //     // router.push({ path: '/dashboard' })\r\n+  //     router.replace(router.query.redirect || '/dashboard')\r\n+  //   }\r\n+  // })\r\n+  loginStore.loginUser(data , loggedIn => {\r\n+    // if (response.access_token) {\r\n+    //   router.replace(router.query.redirect || '/dashboard')\r\n+    // }\r\n+    if (!loggedIn) {\r\n+      alert('登入失敗')\r\n+    }else{\r\n+      router.replace(router.query.redirect || '/dashboard')\r\n+    }\r\n+  })\r\n+}\r\n+\r\n+const goRegister = () => {\r\n+  router.push({ path: '/register' })\r\n+}\r\n+</script>\r\n+<style lang=\"scss\" scoped>\r\n+input {\r\n+  outline: none;\r\n+  display: block;\r\n+  background: rgba(0, 0, 0, 0.1);\r\n+  width: 100%;\r\n+  border: 0;\r\n+  border-radius: 4px;\r\n+  box-sizing: border-box;\r\n+  padding: 12px 20px;\r\n+  color: rgba(0, 0, 0, 0.6);\r\n+  font-family: inherit;\r\n+  font-size: inherit;\r\n+  font-weight: 500;\r\n+  line-height: inherit;\r\n+  transition: 0.3s ease;\r\n+}\r\n+.login {\r\n+  display: flex;\r\n+  flex-direction: column;\r\n+  justify-content: center;\r\n+  height: 100vh;\r\n+  padding: 25px;\r\n+\r\n+  &__goBtn {\r\n+    margin-top: 10px;\r\n+    text-align: right;\r\n+    cursor: pointer;\r\n+  }\r\n+\r\n+  &__form {\r\n+    padding: 10px 0;\r\n+  }\r\n+\r\n+  &__label {\r\n+    font-size: 1.5rem;\r\n+    font-weight: 500;\r\n+    text-align: center;\r\n+    margin-bottom: 1rem;\r\n+  }\r\n+\r\n+  &__btn button {\r\n+    outline: none;\r\n+    width: 100%;\r\n+    border: 0;\r\n+    border-radius: 4px;\r\n+    padding: 12px 20px;\r\n+    color: #ffffff;\r\n+    font-family: inherit;\r\n+    font-size: inherit;\r\n+    font-weight: 500;\r\n+    line-height: inherit;\r\n+    text-transform: uppercase;\r\n+    cursor: pointer;\r\n+    background: aliceblue;\r\n+    color: #4285f4;\r\n+  }\r\n+}\r\n+</style>\r\n"
                },
                {
                    "date": 1692152607535,
                    "content": "Index: \n===================================================================\n--- \n+++ \n@@ -0,0 +1,114 @@\n+<template>\r\n+  <div class=\"login\">\r\n+    <div class=\"login__label\">LOGIN ACCOUNT</div>\r\n+    <div class=\"login__form\">\r\n+      <div class=\"login__email__label\">Email</div>\r\n+      <div class=\"login__email\">\r\n+        <input type=\"text\" v-model=\"email\" />\r\n+      </div>\r\n+    </div>\r\n+    <div class=\"login__form\">\r\n+      <div class=\"login__password__label\">Password</div>\r\n+      <div class=\"login__password\">\r\n+        <input type=\"password\" v-model=\"password\" />\r\n+      </div>\r\n+    </div>\r\n+    <div class=\"login__btn\">\r\n+      <button @click=\"loginUser()\">登入</button>\r\n+    </div>\r\n+    <div class=\"login__goBtn\" @click=\"goRegister()\">尚未註冊?</div>\r\n+  </div>\r\n+</template>\r\n+<script setup>\r\n+import { ref } from 'vue'\r\n+import { useLogin } from '../stores/login'\r\n+import { useRouter } from 'vue-router'\r\n+const router = useRouter()\r\n+const email = ref('frances@kk.kk')\r\n+const password = ref('123456')\r\n+const loginStore = useLogin()\r\n+\r\n+const loginUser = () => {\r\n+  const data = {\r\n+    email: email.value,\r\n+    password: password.value\r\n+  }\r\n+  console.log(loginStore)\r\n+  // loginStore.loginUser(email.value , password.value).then((response) => {\r\n+  //   if (response.access_token) {\r\n+  //     // router.push({ path: '/dashboard' })\r\n+  //     router.replace(router.query.redirect || '/dashboard')\r\n+  //   }\r\n+  // })\r\n+  loginStore.loginUser(data , loggedIn => {\r\n+    if (!loggedIn) {\r\n+      alert('登入失敗')\r\n+    }else{\r\n+      router.replace(router.query.redirect || '/dashboard')\r\n+    }\r\n+  })\r\n+}\r\n+\r\n+const goRegister = () => {\r\n+  router.push({ path: '/register' })\r\n+}\r\n+</script>\r\n+<style lang=\"scss\" scoped>\r\n+input {\r\n+  outline: none;\r\n+  display: block;\r\n+  background: rgba(0, 0, 0, 0.1);\r\n+  width: 100%;\r\n+  border: 0;\r\n+  border-radius: 4px;\r\n+  box-sizing: border-box;\r\n+  padding: 12px 20px;\r\n+  color: rgba(0, 0, 0, 0.6);\r\n+  font-family: inherit;\r\n+  font-size: inherit;\r\n+  font-weight: 500;\r\n+  line-height: inherit;\r\n+  transition: 0.3s ease;\r\n+}\r\n+.login {\r\n+  display: flex;\r\n+  flex-direction: column;\r\n+  justify-content: center;\r\n+  height: 100vh;\r\n+  padding: 25px;\r\n+\r\n+  &__goBtn {\r\n+    margin-top: 10px;\r\n+    text-align: right;\r\n+    cursor: pointer;\r\n+  }\r\n+\r\n+  &__form {\r\n+    padding: 10px 0;\r\n+  }\r\n+\r\n+  &__label {\r\n+    font-size: 1.5rem;\r\n+    font-weight: 500;\r\n+    text-align: center;\r\n+    margin-bottom: 1rem;\r\n+  }\r\n+\r\n+  &__btn button {\r\n+    outline: none;\r\n+    width: 100%;\r\n+    border: 0;\r\n+    border-radius: 4px;\r\n+    padding: 12px 20px;\r\n+    color: #ffffff;\r\n+    font-family: inherit;\r\n+    font-size: inherit;\r\n+    font-weight: 500;\r\n+    line-height: inherit;\r\n+    text-transform: uppercase;\r\n+    cursor: pointer;\r\n+    background: aliceblue;\r\n+    color: #4285f4;\r\n+  }\r\n+}\r\n+</style>\r\n"
                },
                {
                    "date": 1692153474310,
                    "content": "Index: \n===================================================================\n--- \n+++ \n@@ -23,8 +23,9 @@\n import { ref } from 'vue'\r\n import { useLogin } from '../stores/login'\r\n import { useRouter } from 'vue-router'\r\n const router = useRouter()\r\n+const route = useRoute()\r\n const email = ref('frances@kk.kk')\r\n const password = ref('123456')\r\n const loginStore = useLogin()\r\n \r\n@@ -43,9 +44,9 @@\n   loginStore.loginUser(data , loggedIn => {\r\n     if (!loggedIn) {\r\n       alert('登入失敗')\r\n     }else{\r\n-      router.replace(router.query.redirect || '/dashboard')\r\n+      router.replace(route.query.redirect || '/dashboard')\r\n     }\r\n   })\r\n }\r\n \r\n@@ -111,238 +112,4 @@\n     color: #4285f4;\r\n   }\r\n }\r\n </style>\r\n-<template>\r\n-  <div class=\"login\">\r\n-    <div class=\"login__label\">LOGIN ACCOUNT</div>\r\n-    <div class=\"login__form\">\r\n-      <div class=\"login__email__label\">Email</div>\r\n-      <div class=\"login__email\">\r\n-        <input type=\"text\" v-model=\"email\" />\r\n-      </div>\r\n-    </div>\r\n-    <div class=\"login__form\">\r\n-      <div class=\"login__password__label\">Password</div>\r\n-      <div class=\"login__password\">\r\n-        <input type=\"password\" v-model=\"password\" />\r\n-      </div>\r\n-    </div>\r\n-    <div class=\"login__btn\">\r\n-      <button @click=\"loginUser()\">登入</button>\r\n-    </div>\r\n-    <div class=\"login__goBtn\" @click=\"goRegister()\">尚未註冊?</div>\r\n-  </div>\r\n-</template>\r\n-<script setup>\r\n-import { ref } from 'vue'\r\n-import { useLogin } from '../stores/login'\r\n-import { useRouter } from 'vue-router'\r\n-const router = useRouter()\r\n-const email = ref('frances@kk.kk')\r\n-const password = ref('123456')\r\n-const loginStore = useLogin()\r\n-\r\n-const loginUser = () => {\r\n-  const data = {\r\n-    email: email.value,\r\n-    password: password.value\r\n-  }\r\n-  console.log(loginStore)\r\n-  // loginStore.loginUser(email.value , password.value).then((response) => {\r\n-  //   if (response.access_token) {\r\n-  //     // router.push({ path: '/dashboard' })\r\n-  //     router.replace(router.query.redirect || '/dashboard')\r\n-  //   }\r\n-  // })\r\n-  loginStore.loginUser(data , loggedIn => {\r\n-    // if (response.access_token) {\r\n-    //   router.replace(router.query.redirect || '/dashboard')\r\n-    // }\r\n-    if (!loggedIn) {\r\n-      alert('登入失敗')\r\n-    }else{\r\n-      router.replace(router.query.redirect || '/dashboard')\r\n-    }\r\n-  })\r\n-}\r\n-\r\n-const goRegister = () => {\r\n-  router.push({ path: '/register' })\r\n-}\r\n-</script>\r\n-<style lang=\"scss\" scoped>\r\n-input {\r\n-  outline: none;\r\n-  display: block;\r\n-  background: rgba(0, 0, 0, 0.1);\r\n-  width: 100%;\r\n-  border: 0;\r\n-  border-radius: 4px;\r\n-  box-sizing: border-box;\r\n-  padding: 12px 20px;\r\n-  color: rgba(0, 0, 0, 0.6);\r\n-  font-family: inherit;\r\n-  font-size: inherit;\r\n-  font-weight: 500;\r\n-  line-height: inherit;\r\n-  transition: 0.3s ease;\r\n-}\r\n-.login {\r\n-  display: flex;\r\n-  flex-direction: column;\r\n-  justify-content: center;\r\n-  height: 100vh;\r\n-  padding: 25px;\r\n-\r\n-  &__goBtn {\r\n-    margin-top: 10px;\r\n-    text-align: right;\r\n-    cursor: pointer;\r\n-  }\r\n-\r\n-  &__form {\r\n-    padding: 10px 0;\r\n-  }\r\n-\r\n-  &__label {\r\n-    font-size: 1.5rem;\r\n-    font-weight: 500;\r\n-    text-align: center;\r\n-    margin-bottom: 1rem;\r\n-  }\r\n-\r\n-  &__btn button {\r\n-    outline: none;\r\n-    width: 100%;\r\n-    border: 0;\r\n-    border-radius: 4px;\r\n-    padding: 12px 20px;\r\n-    color: #ffffff;\r\n-    font-family: inherit;\r\n-    font-size: inherit;\r\n-    font-weight: 500;\r\n-    line-height: inherit;\r\n-    text-transform: uppercase;\r\n-    cursor: pointer;\r\n-    background: aliceblue;\r\n-    color: #4285f4;\r\n-  }\r\n-}\r\n-</style>\r\n-<template>\r\n-  <div class=\"login\">\r\n-    <div class=\"login__label\">LOGIN ACCOUNT</div>\r\n-    <div class=\"login__form\">\r\n-      <div class=\"login__email__label\">Email</div>\r\n-      <div class=\"login__email\">\r\n-        <input type=\"text\" v-model=\"email\" />\r\n-      </div>\r\n-    </div>\r\n-    <div class=\"login__form\">\r\n-      <div class=\"login__password__label\">Password</div>\r\n-      <div class=\"login__password\">\r\n-        <input type=\"password\" v-model=\"password\" />\r\n-      </div>\r\n-    </div>\r\n-    <div class=\"login__btn\">\r\n-      <button @click=\"loginUser()\">登入</button>\r\n-    </div>\r\n-    <div class=\"login__goBtn\" @click=\"goRegister()\">尚未註冊?</div>\r\n-  </div>\r\n-</template>\r\n-<script setup>\r\n-import { ref } from 'vue'\r\n-import { useLogin } from '../stores/login'\r\n-import { useRouter } from 'vue-router'\r\n-const router = useRouter()\r\n-const email = ref('frances@kk.kk')\r\n-const password = ref('123456')\r\n-const loginStore = useLogin()\r\n-\r\n-const loginUser = () => {\r\n-  // const data = {\r\n-  //   email: email.value,\r\n-  //   password: password.value\r\n-  // }\r\n-  console.log(loginStore)\r\n-  // loginStore.loginUser(email.value , password.value).then((response) => {\r\n-  //   if (response.access_token) {\r\n-  //     // router.push({ path: '/dashboard' })\r\n-  //     router.replace(router.query.redirect || '/dashboard')\r\n-  //   }\r\n-  // })\r\n-  loginStore.loginUser(email.value , password.value , loggedIn => {\r\n-    // if (response.access_token) {\r\n-    //   router.replace(router.query.redirect || '/dashboard')\r\n-    // }\r\n-    if (!loggedIn) {\r\n-      alert('登入失敗')\r\n-    }else{\r\n-      router.replace(router.query.redirect || '/dashboard')\r\n-    }\r\n-  })\r\n-}\r\n-\r\n-const goRegister = () => {\r\n-  router.push({ path: '/register' })\r\n-}\r\n-</script>\r\n-<style lang=\"scss\" scoped>\r\n-input {\r\n-  outline: none;\r\n-  display: block;\r\n-  background: rgba(0, 0, 0, 0.1);\r\n-  width: 100%;\r\n-  border: 0;\r\n-  border-radius: 4px;\r\n-  box-sizing: border-box;\r\n-  padding: 12px 20px;\r\n-  color: rgba(0, 0, 0, 0.6);\r\n-  font-family: inherit;\r\n-  font-size: inherit;\r\n-  font-weight: 500;\r\n-  line-height: inherit;\r\n-  transition: 0.3s ease;\r\n-}\r\n-.login {\r\n-  display: flex;\r\n-  flex-direction: column;\r\n-  justify-content: center;\r\n-  height: 100vh;\r\n-  padding: 25px;\r\n-\r\n-  &__goBtn {\r\n-    margin-top: 10px;\r\n-    text-align: right;\r\n-    cursor: pointer;\r\n-  }\r\n-\r\n-  &__form {\r\n-    padding: 10px 0;\r\n-  }\r\n-\r\n-  &__label {\r\n-    font-size: 1.5rem;\r\n-    font-weight: 500;\r\n-    text-align: center;\r\n-    margin-bottom: 1rem;\r\n-  }\r\n-\r\n-  &__btn button {\r\n-    outline: none;\r\n-    width: 100%;\r\n-    border: 0;\r\n-    border-radius: 4px;\r\n-    padding: 12px 20px;\r\n-    color: #ffffff;\r\n-    font-family: inherit;\r\n-    font-size: inherit;\r\n-    font-weight: 500;\r\n-    line-height: inherit;\r\n-    text-transform: uppercase;\r\n-    cursor: pointer;\r\n-    background: aliceblue;\r\n-    color: #4285f4;\r\n-  }\r\n-}\r\n-</style>\r\n"
                },
                {
                    "date": 1692153490668,
                    "content": "Index: \n===================================================================\n--- \n+++ \n@@ -21,9 +21,9 @@\n </template>\r\n <script setup>\r\n import { ref } from 'vue'\r\n import { useLogin } from '../stores/login'\r\n-import { useRouter } from 'vue-router'\r\n+import { useRouter , useRoute} from 'vue-router'\r\n const router = useRouter()\r\n const route = useRoute()\r\n const email = ref('frances@kk.kk')\r\n const password = ref('123456')\r\n"
                },
                {
                    "date": 1692155846529,
                    "content": "Index: \n===================================================================\n--- \n+++ \n@@ -0,0 +1,115 @@\n+<template>\r\n+  <div class=\"login\">\r\n+    <div class=\"login__label\">LOGIN ACCOUNT</div>\r\n+    <div class=\"login__form\">\r\n+      <div class=\"login__email__label\">Email</div>\r\n+      <div class=\"login__email\">\r\n+        <input type=\"text\" v-model=\"email\" />\r\n+      </div>\r\n+    </div>\r\n+    <div class=\"login__form\">\r\n+      <div class=\"login__password__label\">Password</div>\r\n+      <div class=\"login__password\">\r\n+        <input type=\"password\" v-model=\"password\" />\r\n+      </div>\r\n+    </div>\r\n+    <div class=\"login__btn\">\r\n+      <button @click=\"loginUser()\">登入</button>\r\n+    </div>\r\n+    <div class=\"login__goBtn\" @click=\"goRegister()\">尚未註冊?</div>\r\n+  </div>\r\n+</template>\r\n+<script setup>\r\n+import { ref } from 'vue'\r\n+import { useLogin } from '../stores/login'\r\n+import { useRouter , useRoute} from 'vue-router'\r\n+const router = useRouter()\r\n+const route = useRoute()\r\n+const email = ref('frances@kk.kk')\r\n+const password = ref('123456')\r\n+const loginStore = useLogin()\r\n+\r\n+const loginUser = () => {\r\n+  const data = {\r\n+    email: email.value,\r\n+    password: password.value\r\n+  }\r\n+  console.log(loginStore)\r\n+  loginStore.loginUser(email.value , password.value).then((response) => {\r\n+    if (response.access_token) {\r\n+      router.push({ path: '/dashboard' })\r\n+      // router.replace(router.query.redirect || '/dashboard')\r\n+    }\r\n+  })\r\n+  // loginStore.loginUser(data , loggedIn => {\r\n+  //   if (!loggedIn) {\r\n+  //     alert('登入失敗')\r\n+  //   }else{\r\n+  //     router.replace(route.query.redirect || '/dashboard')\r\n+  //   }\r\n+  // })\r\n+}\r\n+\r\n+const goRegister = () => {\r\n+  router.push({ path: '/register' })\r\n+}\r\n+</script>\r\n+<style lang=\"scss\" scoped>\r\n+input {\r\n+  outline: none;\r\n+  display: block;\r\n+  background: rgba(0, 0, 0, 0.1);\r\n+  width: 100%;\r\n+  border: 0;\r\n+  border-radius: 4px;\r\n+  box-sizing: border-box;\r\n+  padding: 12px 20px;\r\n+  color: rgba(0, 0, 0, 0.6);\r\n+  font-family: inherit;\r\n+  font-size: inherit;\r\n+  font-weight: 500;\r\n+  line-height: inherit;\r\n+  transition: 0.3s ease;\r\n+}\r\n+.login {\r\n+  display: flex;\r\n+  flex-direction: column;\r\n+  justify-content: center;\r\n+  height: 100vh;\r\n+  padding: 25px;\r\n+\r\n+  &__goBtn {\r\n+    margin-top: 10px;\r\n+    text-align: right;\r\n+    cursor: pointer;\r\n+  }\r\n+\r\n+  &__form {\r\n+    padding: 10px 0;\r\n+  }\r\n+\r\n+  &__label {\r\n+    font-size: 1.5rem;\r\n+    font-weight: 500;\r\n+    text-align: center;\r\n+    margin-bottom: 1rem;\r\n+  }\r\n+\r\n+  &__btn button {\r\n+    outline: none;\r\n+    width: 100%;\r\n+    border: 0;\r\n+    border-radius: 4px;\r\n+    padding: 12px 20px;\r\n+    color: #ffffff;\r\n+    font-family: inherit;\r\n+    font-size: inherit;\r\n+    font-weight: 500;\r\n+    line-height: inherit;\r\n+    text-transform: uppercase;\r\n+    cursor: pointer;\r\n+    background: aliceblue;\r\n+    color: #4285f4;\r\n+  }\r\n+}\r\n+</style>\r\n"
                },
                {
                    "date": 1692155868212,
                    "content": "Index: \n===================================================================\n--- \n+++ \n@@ -0,0 +1,115 @@\n+<template>\r\n+  <div class=\"login\">\r\n+    <div class=\"login__label\">LOGIN ACCOUNT</div>\r\n+    <div class=\"login__form\">\r\n+      <div class=\"login__email__label\">Email</div>\r\n+      <div class=\"login__email\">\r\n+        <input type=\"text\" v-model=\"email\" />\r\n+      </div>\r\n+    </div>\r\n+    <div class=\"login__form\">\r\n+      <div class=\"login__password__label\">Password</div>\r\n+      <div class=\"login__password\">\r\n+        <input type=\"password\" v-model=\"password\" />\r\n+      </div>\r\n+    </div>\r\n+    <div class=\"login__btn\">\r\n+      <button @click=\"loginUser()\">登入</button>\r\n+    </div>\r\n+    <div class=\"login__goBtn\" @click=\"goRegister()\">尚未註冊?</div>\r\n+  </div>\r\n+</template>\r\n+<script setup>\r\n+import { ref } from 'vue'\r\n+import { useLogin } from '../stores/login'\r\n+import { useRouter , useRoute} from 'vue-router'\r\n+const router = useRouter()\r\n+const route = useRoute()\r\n+const email = ref('frances@kk.kk')\r\n+const password = ref('123456')\r\n+const loginStore = useLogin()\r\n+\r\n+const loginUser = () => {\r\n+  const data = {\r\n+    email: email.value,\r\n+    password: password.value\r\n+  }\r\n+  console.log(loginStore)\r\n+  loginStore.loginUser(data).then((response) => {\r\n+    if (response.access_token) {\r\n+      router.push({ path: '/dashboard' })\r\n+      // router.replace(router.query.redirect || '/dashboard')\r\n+    }\r\n+  })\r\n+  // loginStore.loginUser(data , loggedIn => {\r\n+  //   if (!loggedIn) {\r\n+  //     alert('登入失敗')\r\n+  //   }else{\r\n+  //     router.replace(route.query.redirect || '/dashboard')\r\n+  //   }\r\n+  // })\r\n+}\r\n+\r\n+const goRegister = () => {\r\n+  router.push({ path: '/register' })\r\n+}\r\n+</script>\r\n+<style lang=\"scss\" scoped>\r\n+input {\r\n+  outline: none;\r\n+  display: block;\r\n+  background: rgba(0, 0, 0, 0.1);\r\n+  width: 100%;\r\n+  border: 0;\r\n+  border-radius: 4px;\r\n+  box-sizing: border-box;\r\n+  padding: 12px 20px;\r\n+  color: rgba(0, 0, 0, 0.6);\r\n+  font-family: inherit;\r\n+  font-size: inherit;\r\n+  font-weight: 500;\r\n+  line-height: inherit;\r\n+  transition: 0.3s ease;\r\n+}\r\n+.login {\r\n+  display: flex;\r\n+  flex-direction: column;\r\n+  justify-content: center;\r\n+  height: 100vh;\r\n+  padding: 25px;\r\n+\r\n+  &__goBtn {\r\n+    margin-top: 10px;\r\n+    text-align: right;\r\n+    cursor: pointer;\r\n+  }\r\n+\r\n+  &__form {\r\n+    padding: 10px 0;\r\n+  }\r\n+\r\n+  &__label {\r\n+    font-size: 1.5rem;\r\n+    font-weight: 500;\r\n+    text-align: center;\r\n+    margin-bottom: 1rem;\r\n+  }\r\n+\r\n+  &__btn button {\r\n+    outline: none;\r\n+    width: 100%;\r\n+    border: 0;\r\n+    border-radius: 4px;\r\n+    padding: 12px 20px;\r\n+    color: #ffffff;\r\n+    font-family: inherit;\r\n+    font-size: inherit;\r\n+    font-weight: 500;\r\n+    line-height: inherit;\r\n+    text-transform: uppercase;\r\n+    cursor: pointer;\r\n+    background: aliceblue;\r\n+    color: #4285f4;\r\n+  }\r\n+}\r\n+</style>\r\n"
                },
                {
                    "date": 1692155881565,
                    "content": "Index: \n===================================================================\n--- \n+++ \n@@ -0,0 +1,114 @@\n+<template>\r\n+  <div class=\"login\">\r\n+    <div class=\"login__label\">LOGIN ACCOUNT</div>\r\n+    <div class=\"login__form\">\r\n+      <div class=\"login__email__label\">Email</div>\r\n+      <div class=\"login__email\">\r\n+        <input type=\"text\" v-model=\"email\" />\r\n+      </div>\r\n+    </div>\r\n+    <div class=\"login__form\">\r\n+      <div class=\"login__password__label\">Password</div>\r\n+      <div class=\"login__password\">\r\n+        <input type=\"password\" v-model=\"password\" />\r\n+      </div>\r\n+    </div>\r\n+    <div class=\"login__btn\">\r\n+      <button @click=\"loginUser()\">登入</button>\r\n+    </div>\r\n+    <div class=\"login__goBtn\" @click=\"goRegister()\">尚未註冊?</div>\r\n+  </div>\r\n+</template>\r\n+<script setup>\r\n+import { ref } from 'vue'\r\n+import { useLogin } from '../stores/login'\r\n+import { useRouter , useRoute} from 'vue-router'\r\n+const router = useRouter()\r\n+const route = useRoute()\r\n+const email = ref('frances@kk.kk')\r\n+const password = ref('123456')\r\n+const loginStore = useLogin()\r\n+\r\n+const loginUser = () => {\r\n+  const data = {\r\n+    email: email.value,\r\n+    password: password.value\r\n+  }\r\n+  console.log(loginStore)\r\n+  loginStore.loginUser(data).then((response) => {\r\n+    if (response.access_token) {\r\n+      router.push({ path: '/dashboard' })\r\n+    }\r\n+  })\r\n+  // loginStore.loginUser(data , loggedIn => {\r\n+  //   if (!loggedIn) {\r\n+  //     alert('登入失敗')\r\n+  //   }else{\r\n+  //     router.replace(route.query.redirect || '/dashboard')\r\n+  //   }\r\n+  // })\r\n+}\r\n+\r\n+const goRegister = () => {\r\n+  router.push({ path: '/register' })\r\n+}\r\n+</script>\r\n+<style lang=\"scss\" scoped>\r\n+input {\r\n+  outline: none;\r\n+  display: block;\r\n+  background: rgba(0, 0, 0, 0.1);\r\n+  width: 100%;\r\n+  border: 0;\r\n+  border-radius: 4px;\r\n+  box-sizing: border-box;\r\n+  padding: 12px 20px;\r\n+  color: rgba(0, 0, 0, 0.6);\r\n+  font-family: inherit;\r\n+  font-size: inherit;\r\n+  font-weight: 500;\r\n+  line-height: inherit;\r\n+  transition: 0.3s ease;\r\n+}\r\n+.login {\r\n+  display: flex;\r\n+  flex-direction: column;\r\n+  justify-content: center;\r\n+  height: 100vh;\r\n+  padding: 25px;\r\n+\r\n+  &__goBtn {\r\n+    margin-top: 10px;\r\n+    text-align: right;\r\n+    cursor: pointer;\r\n+  }\r\n+\r\n+  &__form {\r\n+    padding: 10px 0;\r\n+  }\r\n+\r\n+  &__label {\r\n+    font-size: 1.5rem;\r\n+    font-weight: 500;\r\n+    text-align: center;\r\n+    margin-bottom: 1rem;\r\n+  }\r\n+\r\n+  &__btn button {\r\n+    outline: none;\r\n+    width: 100%;\r\n+    border: 0;\r\n+    border-radius: 4px;\r\n+    padding: 12px 20px;\r\n+    color: #ffffff;\r\n+    font-family: inherit;\r\n+    font-size: inherit;\r\n+    font-weight: 500;\r\n+    line-height: inherit;\r\n+    text-transform: uppercase;\r\n+    cursor: pointer;\r\n+    background: aliceblue;\r\n+    color: #4285f4;\r\n+  }\r\n+}\r\n+</style>\r\n"
                }
            ],
            "date": 1691461514901,
            "name": "Commit-0",
            "content": "<template></template>\r\n<script setup>\r\n\r\n</script>"
        }
    ]
}