{
    "sourceFile": "src/views/NotFound.vue",
    "activeCommit": 0,
    "commits": [
        {
            "activePatchIndex": 1,
            "patches": [
                {
                    "date": 1691981449486,
                    "content": "Index: \n===================================================================\n--- \n+++ \n"
                },
                {
                    "date": 1691981456857,
                    "content": "Index: \n===================================================================\n--- \n+++ \n@@ -0,0 +1,5 @@\n+<template>\r\n+    404\r\n+</template>\r\n+\r\n+<script></script>\n\\ No newline at end of file\n"
                }
            ],
            "date": 1691981449486,
            "name": "Commit-0",
            "content": "<template>\r\n\r\n    404\r\n</template>\r\n\r\n<script></script>"
        }
    ]
}