{
    "sourceFile": "src/views/ShopItem.vue",
    "activeCommit": 0,
    "commits": [
        {
            "activePatchIndex": 9,
            "patches": [
                {
                    "date": 1692157261561,
                    "content": "Index: \n===================================================================\n--- \n+++ \n"
                },
                {
                    "date": 1692157268013,
                    "content": "Index: \n===================================================================\n--- \n+++ \n@@ -0,0 +1,3 @@\n+<template>\r\n+    55555555555555555\r\n+</template>\n\\ No newline at end of file\n"
                },
                {
                    "date": 1692157771055,
                    "content": "Index: \n===================================================================\n--- \n+++ \n@@ -1,3 +1,11 @@\n <template>\r\n     55555555555555555\r\n-</template>\n\\ No newline at end of file\n+\r\n+    doubleCount: {{ doubleCount }}\r\n+</template>\r\n+<script setup>\r\n+import { computed  } from 'vue'\r\n+import { useProduct } from '../stores/products'\r\n+const getProduct = useProduct()\r\n+const doubleCount = computed(() => getProduct.doubleCount)\r\n+</script>\n\\ No newline at end of file\n"
                },
                {
                    "date": 1692158028288,
                    "content": "Index: \n===================================================================\n--- \n+++ \n@@ -0,0 +1,13 @@\n+<template>\r\n+    55555555555555555\r\n+\r\n+    doubleCount: {{ doubleCount }}\r\n+\r\n+    {{ getProduct }}\r\n+</template>\r\n+<script setup>\r\n+import { computed  } from 'vue'\r\n+import { useProduct } from '../stores/products'\r\n+const getProduct = useProduct()\r\n+const doubleCount = computed(() => getProduct.doubleCount)\r\n+</script>\n\\ No newline at end of file\n"
                },
                {
                    "date": 1692158040857,
                    "content": "Index: \n===================================================================\n--- \n+++ \n@@ -2,23 +2,12 @@\n     55555555555555555\r\n \r\n     doubleCount: {{ doubleCount }}\r\n \r\n-    {{ getProduct }}\r\n+    {{ getProduct.productData }}\r\n </template>\r\n <script setup>\r\n import { computed  } from 'vue'\r\n import { useProduct } from '../stores/products'\r\n const getProduct = useProduct()\r\n const doubleCount = computed(() => getProduct.doubleCount)\r\n-</script>\n-<template>\r\n-    55555555555555555\r\n-\r\n-    doubleCount: {{ doubleCount }}\r\n-</template>\r\n-<script setup>\r\n-import { computed  } from 'vue'\r\n-import { useProduct } from '../stores/products'\r\n-const getProduct = useProduct()\r\n-const doubleCount = computed(() => getProduct.doubleCount)\r\n </script>\n\\ No newline at end of file\n"
                },
                {
                    "date": 1692158049277,
                    "content": "Index: \n===================================================================\n--- \n+++ \n@@ -2,9 +2,9 @@\n     55555555555555555\r\n \r\n     doubleCount: {{ doubleCount }}\r\n \r\n-    {{ getProduct.productData }}\r\n+    {{ getProduct.data }}\r\n </template>\r\n <script setup>\r\n import { computed  } from 'vue'\r\n import { useProduct } from '../stores/products'\r\n"
                },
                {
                    "date": 1692158117212,
                    "content": "Index: \n===================================================================\n--- \n+++ \n@@ -3,11 +3,15 @@\n \r\n     doubleCount: {{ doubleCount }}\r\n \r\n     {{ getProduct.data }}\r\n+\r\n+    <div v-for=\"(item , i) in productsData\">\r\n+        {{ item }}\r\n+    </div>\r\n </template>\r\n <script setup>\r\n import { computed  } from 'vue'\r\n import { useProduct } from '../stores/products'\r\n const getProduct = useProduct()\r\n-const doubleCount = computed(() => getProduct.doubleCount)\r\n+const productsData = computed(() => getProduct.data)\r\n </script>\n\\ No newline at end of file\n"
                },
                {
                    "date": 1692158136402,
                    "content": "Index: \n===================================================================\n--- \n+++ \n@@ -1,14 +1,13 @@\n <template>\r\n-    55555555555555555\r\n-\r\n     doubleCount: {{ doubleCount }}\r\n-\r\n-    {{ getProduct.data }}\r\n-\r\n     <div v-for=\"(item , i) in productsData\">\r\n         {{ item }}\r\n     </div>\r\n+\r\n+    <div>\r\n+        \r\n+    </div>\r\n </template>\r\n <script setup>\r\n import { computed  } from 'vue'\r\n import { useProduct } from '../stores/products'\r\n"
                },
                {
                    "date": 1692158146228,
                    "content": "Index: \n===================================================================\n--- \n+++ \n@@ -0,0 +1,16 @@\n+<template>\r\n+    <!-- doubleCount: {{ doubleCount }}\r\n+    <div v-for=\"(item , i) in productsData\">\r\n+        {{ item }}\r\n+    </div> -->\r\n+\r\n+    <div>\r\n+\r\n+    </div>\r\n+</template>\r\n+<script setup>\r\n+import { computed  } from 'vue'\r\n+import { useProduct } from '../stores/products'\r\n+const getProduct = useProduct()\r\n+const productsData = computed(() => getProduct.data)\r\n+</script>\n\\ No newline at end of file\n"
                },
                {
                    "date": 1692176368146,
                    "content": "Index: \n===================================================================\n--- \n+++ \n@@ -3,25 +3,9 @@\n     <div v-for=\"(item , i) in productsData\">\r\n         {{ item }}\r\n     </div> -->\r\n \r\n-    <div>\r\n-\r\n-    </div>\r\n-</template>\r\n-<script setup>\r\n-import { computed  } from 'vue'\r\n-import { useProduct } from '../stores/products'\r\n-const getProduct = useProduct()\r\n-const productsData = computed(() => getProduct.data)\r\n-</script>\n-<template>\r\n-    doubleCount: {{ doubleCount }}\r\n-    <div v-for=\"(item , i) in productsData\">\r\n-        {{ item }}\r\n-    </div>\r\n-\r\n-    <div>\r\n+    <div class=\"shoppingCart\">\r\n         \r\n     </div>\r\n </template>\r\n <script setup>\r\n"
                }
            ],
            "date": 1692157261561,
            "name": "Commit-0",
            "content": ""
        }
    ]
}