{
    "sourceFile": "src/constants/cache-key.js",
    "activeCommit": 0,
    "commits": [
        {
            "activePatchIndex": 0,
            "patches": [
                {
                    "date": 1691469320958,
                    "content": "Index: \n===================================================================\n--- \n+++ \n"
                }
            ],
            "date": 1691469320958,
            "name": "Commit-0",
            "content": "const SYSTEM_NAME = \"v3-admin-vite\";\r\n\r\n/** Cache data when used to Key */\r\nconst CacheKey = {\r\n    TOKEN: `${SYSTEM_NAME}-token-key`,\r\n};\r\n\r\nexport default CacheKey;\r\n"
        }
    ]
}