{
    "sourceFile": "src/components/CustomInput.vue",
    "activeCommit": 0,
    "commits": [
        {
            "activePatchIndex": 0,
            "patches": [
                {
                    "date": 1691990341633,
                    "content": "Index: \n===================================================================\n--- \n+++ \n"
                }
            ],
            "date": 1691990341633,
            "name": "Commit-0",
            "content": "<script setup>\r\nimport { defineProps } from 'vue'\r\ndefineProps({\r\n  placeholder: {\r\n    type: String,\r\n    default: '請輸入'\r\n  }\r\n})\r\n</script>\r\n\r\n<template>\r\n  <div class=\"input\">\r\n    <input type=\"text\" :placeholder=\"placeholder\" />\r\n    <div class=\"input__svg\" @click=\"$emit('searchBun')\">\r\n      <svg xmlns=\"http://www.w3.org/2000/svg\" height=\"1.5em\" viewBox=\"0 0 512 512\">\r\n        <path\r\n          d=\"M416 208c0 45.9-14.9 88.3-40 122.7L502.6 457.4c12.5 12.5 12.5 32.8 0 45.3s-32.8 12.5-45.3 0L330.7 376c-34.4 25.2-76.8 40-122.7 40C93.1 416 0 322.9 0 208S93.1 0 208 0S416 93.1 416 208zM208 352a144 144 0 1 0 0-288 144 144 0 1 0 0 288z\"\r\n        />\r\n      </svg>\r\n    </div>\r\n    <!-- <div class=\"input__svg\" @click=\"$emit('shoppingCart')\">\r\n      <svg xmlns=\"http://www.w3.org/2000/svg\" height=\"1.5em\" viewBox=\"0 0 576 512\">\r\n        <path\r\n          d=\"M0 24C0 10.7 10.7 0 24 0H69.5c22 0 41.5 12.8 50.6 32h411c26.3 0 45.5 25 38.6 50.4l-41 152.3c-8.5 31.4-37 53.3-69.5 53.3H170.7l5.4 28.5c2.2 11.3 12.1 19.5 23.6 19.5H488c13.3 0 24 10.7 24 24s-10.7 24-24 24H199.7c-34.6 0-64.3-24.6-70.7-58.5L77.4 54.5c-.7-3.8-4-6.5-7.9-6.5H24C10.7 48 0 37.3 0 24zM128 464a48 48 0 1 1 96 0 48 48 0 1 1 -96 0zm336-48a48 48 0 1 1 0 96 48 48 0 1 1 0-96z\"\r\n        />\r\n      </svg>\r\n    </div> -->\r\n  </div>\r\n</template>\r\n\r\n<style lang=\"scss\" scoped>\r\n.input {\r\n  display: flex;\r\n  align-items: center;\r\n  // border: 1px solid rgba(0, 0, 0, 0.1);\r\n  margin: 5px 0px;\r\n  &__svg {\r\n    padding: 7px;\r\n  }\r\n}\r\ninput {\r\n  outline: none;\r\n  display: flex;\r\n  width: 100%;\r\n  background: rgba(0, 0, 0, 0.1);\r\n  // width: 100%;\r\n  border: 0;\r\n  border-radius: 4px;\r\n  box-sizing: border-box;\r\n  padding: 7px 20px;\r\n  color: rgba(0, 0, 0, 0.6);\r\n  font-family: inherit;\r\n  // font-size: inherit;\r\n  font-weight: 500;\r\n  line-height: inherit;\r\n  transition: 0.3s ease;\r\n}\r\n</style>\r\n"
        }
    ]
}