{
    "sourceFile": "src/components/Header.vue",
    "activeCommit": 0,
    "commits": [
        {
            "activePatchIndex": 18,
            "patches": [
                {
                    "date": 1691570335392,
                    "content": "Index: \n===================================================================\n--- \n+++ \n"
                },
                {
                    "date": 1691570451029,
                    "content": "Index: \n===================================================================\n--- \n+++ \n@@ -0,0 +1,65 @@\n+<script setup>\r\n+import { ref, defineProps, defineEmits, computed, shallowRef } from 'vue'\r\n+const tabs = ref([\r\n+  { title: 'currect', isActive: true },\r\n+  { title: 'Past', isActive: false },\r\n+  { title: 'Waitlist', isActive: false }\r\n+])\r\n+const props = defineProps({\r\n+  activeTab: {\r\n+    type: String,\r\n+    default: 'Ticket'\r\n+  }\r\n+})\r\n+\r\n+const emit = defineEmits(['activeHeader'])\r\n+const currentTabView = computed(() => {\r\n+  return tabs.value.find((tab) => tab.isActive).view\r\n+})\r\n+const setActiveTab = (stab) => {\r\n+   \r\n+  tabs.value.forEach((tab) => {\r\n+    tab.isActive = tab.title == stab.title\r\n+  })\r\n+\r\n+  emit(\"activeHeader\" , stab.title)  \r\n+}\r\n+</script>\r\n+<template>\r\n+  <div class=\"header\">\r\n+    <div\r\n+      class=\"header__title\"\r\n+      @click=\"setActiveTab(tab)\"\r\n+      v-for=\"(tab, i) in tabs\"\r\n+      :key=\"i\"\r\n+      :class=\"{ active: tab.isActive }\"\r\n+    >\r\n+      {{ tab.title }}\r\n+    </div>\r\n+  </div>\r\n+  {{ currentTabView }}\r\n+  <!-- <component :is=\"currentTabView\"> </component> -->\r\n+</template>\r\n+<style scoped lang=\"scss\">\r\n+.header {\r\n+  display: flex;\r\n+  justify-content: space-between;\r\n+  align-items: center;\r\n+  text-align: center;\r\n+  background-color: rgb(33 135 234);\r\n+  height: 4vh;\r\n+  position: fixed;\r\n+  top: 0;\r\n+  left: 0;\r\n+  right: 0;\r\n+  z-index: 100;\r\n+\r\n+  &__title {\r\n+    width: 200px;\r\n+    color: white;\r\n+  }\r\n+}\r\n+.active {\r\n+  border-bottom: 4.3px solid white;\r\n+}\r\n+</style>\r\n"
                },
                {
                    "date": 1691571473847,
                    "content": "Index: \n===================================================================\n--- \n+++ \n@@ -62,66 +62,4 @@\n .active {\r\n   border-bottom: 4.3px solid white;\r\n }\r\n </style>\r\n-<script setup>\r\n-import { ref, defineProps, defineEmits, computed, shallowRef } from 'vue'\r\n-const tabs = ref([\r\n-  { title: 'currect', isActive: true },\r\n-  { title: 'Past', isActive: false },\r\n-  { title: 'Waitlist', isActive: false }\r\n-])\r\n-const props = defineProps({\r\n-  activeTab: {\r\n-    type: String,\r\n-    default: 'Ticket'\r\n-  }\r\n-})\r\n-\r\n-const emit = defineEmits(['fouce'])\r\n-const currentTabView = computed(() => {\r\n-  return tabs.value.find((tab) => tab.isActive).view\r\n-})\r\n-const setActiveTab = (stab) => {\r\n-  tabs.value.forEach((tab) => {\r\n-    tab.isActive = tab.title == stab.title\r\n-  })\r\n-}\r\n-</script>\r\n-<template>\r\n-  <div class=\"header\">\r\n-    <div\r\n-      class=\"header__title\"\r\n-      @click=\"setActiveTab(tab)\"\r\n-      v-for=\"(tab, i) in tabs\"\r\n-      :key=\"i\"\r\n-      :class=\"{ active: tab.isActive }\"\r\n-    >\r\n-      {{ tab.title }}\r\n-    </div>\r\n-  </div>\r\n-  {{ currentTabView }}\r\n-  <!-- <component :is=\"currentTabView\"> </component> -->\r\n-</template>\r\n-<style scoped lang=\"scss\">\r\n-.header {\r\n-  display: flex;\r\n-  justify-content: space-between;\r\n-  align-items: center;\r\n-  text-align: center;\r\n-  background-color: rgb(33 135 234);\r\n-  height: 4vh;\r\n-  position: fixed;\r\n-  top: 0;\r\n-  left: 0;\r\n-  right: 0;\r\n-  z-index: 100;\r\n-\r\n-  &__title {\r\n-    width: 200px;\r\n-    color: white;\r\n-  }\r\n-}\r\n-.active {\r\n-  border-bottom: 4.3px solid white;\r\n-}\r\n-</style>\r\n"
                },
                {
                    "date": 1691571679499,
                    "content": "Index: \n===================================================================\n--- \n+++ \n@@ -21,9 +21,9 @@\n   tabs.value.forEach((tab) => {\r\n     tab.isActive = tab.title == stab.title\r\n   })\r\n \r\n-  emit(\"activeHeader\" , stab.title)  \r\n+  emit(\"activeHeader\" , stab)  \r\n }\r\n </script>\r\n <template>\r\n   <div class=\"header\">\r\n"
                },
                {
                    "date": 1691571722629,
                    "content": "Index: \n===================================================================\n--- \n+++ \n@@ -21,9 +21,9 @@\n   tabs.value.forEach((tab) => {\r\n     tab.isActive = tab.title == stab.title\r\n   })\r\n \r\n-  emit(\"activeHeader\" , stab)  \r\n+  emit(\"activeHeader\" , '2')  \r\n }\r\n </script>\r\n <template>\r\n   <div class=\"header\">\r\n"
                },
                {
                    "date": 1691571741881,
                    "content": "Index: \n===================================================================\n--- \n+++ \n@@ -0,0 +1,65 @@\n+<script setup>\r\n+import { ref, defineProps, defineEmits, computed, shallowRef } from 'vue'\r\n+const tabs = ref([\r\n+  { title: 'currect', isActive: true },\r\n+  { title: 'Past', isActive: false },\r\n+  { title: 'Waitlist', isActive: false }\r\n+])\r\n+const props = defineProps({\r\n+  activeTab: {\r\n+    type: String,\r\n+    default: 'Ticket'\r\n+  }\r\n+})\r\n+\r\n+const emit = defineEmits(['activeHeader'])\r\n+const currentTabView = computed(() => {\r\n+  return tabs.value.find((tab) => tab.isActive).view\r\n+})\r\n+const setActiveTab = (stab) => {\r\n+   \r\n+  tabs.value.forEach((tab) => {\r\n+    tab.isActive = tab.title == stab.title\r\n+  })\r\n+\r\n+  emit(\"activeHeader\" , '2')  \r\n+}\r\n+</script>\r\n+<template>\r\n+  <div class=\"header\">\r\n+    <div\r\n+      class=\"header__title\"\r\n+      @click=\"setActiveTab(tab)\"\r\n+      v-for=\"(tab, i) in tabs\"\r\n+      :key=\"i\"\r\n+      :class=\"{ active: tab.isActive }\"\r\n+    >\r\n+      {{ tab.title }}\r\n+    </div>\r\n+  </div>\r\n+  {{ currentTabView }}\r\n+  <!-- <component :is=\"currentTabView\"> </component> -->\r\n+</template>\r\n+<style scoped lang=\"scss\">\r\n+.header {\r\n+  display: flex;\r\n+  justify-content: space-between;\r\n+  align-items: center;\r\n+  text-align: center;\r\n+  background-color: rgb(33 135 234);\r\n+  height: 4vh;\r\n+  position: fixed;\r\n+  top: 0;\r\n+  left: 0;\r\n+  right: 0;\r\n+  z-index: 100;\r\n+\r\n+  &__title {\r\n+    width: 200px;\r\n+    color: white;\r\n+  }\r\n+}\r\n+.active {\r\n+  border-bottom: 4.3px solid white;\r\n+}\r\n+</style>\r\n"
                },
                {
                    "date": 1691571775462,
                    "content": "Index: \n===================================================================\n--- \n+++ \n@@ -62,69 +62,4 @@\n .active {\r\n   border-bottom: 4.3px solid white;\r\n }\r\n </style>\r\n-<script setup>\r\n-import { ref, defineProps, defineEmits, computed, shallowRef } from 'vue'\r\n-const tabs = ref([\r\n-  { title: 'currect', isActive: true },\r\n-  { title: 'Past', isActive: false },\r\n-  { title: 'Waitlist', isActive: false }\r\n-])\r\n-const props = defineProps({\r\n-  activeTab: {\r\n-    type: String,\r\n-    default: 'Ticket'\r\n-  }\r\n-})\r\n-\r\n-const emit = defineEmits(['activeHeader'])\r\n-const currentTabView = computed(() => {\r\n-  return tabs.value.find((tab) => tab.isActive).view\r\n-})\r\n-const setActiveTab = (stab) => {\r\n-   \r\n-  tabs.value.forEach((tab) => {\r\n-    tab.isActive = tab.title == stab.title\r\n-  })\r\n-\r\n-  emit(\"activeHeader\" , '2')  \r\n-}\r\n-</script>\r\n-<template>\r\n-  <div class=\"header\">\r\n-    <div\r\n-      class=\"header__title\"\r\n-      @click=\"setActiveTab(tab)\"\r\n-      v-for=\"(tab, i) in tabs\"\r\n-      :key=\"i\"\r\n-      :class=\"{ active: tab.isActive }\"\r\n-    >\r\n-      {{ tab.title }}\r\n-    </div>\r\n-  </div>\r\n-  {{ currentTabView }}\r\n-  <!-- <component :is=\"currentTabView\"> </component> -->\r\n-</template>\r\n-<style scoped lang=\"scss\">\r\n-.header {\r\n-  display: flex;\r\n-  justify-content: space-between;\r\n-  align-items: center;\r\n-  text-align: center;\r\n-  background-color: rgb(33 135 234);\r\n-  height: 4vh;\r\n-  position: fixed;\r\n-  top: 0;\r\n-  left: 0;\r\n-  right: 0;\r\n-  z-index: 100;\r\n-\r\n-  &__title {\r\n-    width: 200px;\r\n-    color: white;\r\n-  }\r\n-}\r\n-.active {\r\n-  border-bottom: 4.3px solid white;\r\n-}\r\n-</style>\r\n"
                },
                {
                    "date": 1691571894152,
                    "content": "Index: \n===================================================================\n--- \n+++ \n@@ -18,8 +18,9 @@\n })\r\n const setActiveTab = (stab) => {\r\n    \r\n   tabs.value.forEach((tab) => {\r\n+    console.log(stab)\r\n     tab.isActive = tab.title == stab.title\r\n   })\r\n \r\n   emit(\"activeHeader\" , '2')  \r\n"
                },
                {
                    "date": 1691571902843,
                    "content": "Index: \n===================================================================\n--- \n+++ \n@@ -18,9 +18,9 @@\n })\r\n const setActiveTab = (stab) => {\r\n    \r\n   tabs.value.forEach((tab) => {\r\n-    console.log(stab)\r\n+    console.log(stab.title)\r\n     tab.isActive = tab.title == stab.title\r\n   })\r\n \r\n   emit(\"activeHeader\" , '2')  \r\n"
                },
                {
                    "date": 1691571932097,
                    "content": "Index: \n===================================================================\n--- \n+++ \n@@ -16,15 +16,15 @@\n const currentTabView = computed(() => {\r\n   return tabs.value.find((tab) => tab.isActive).view\r\n })\r\n const setActiveTab = (stab) => {\r\n+  emit(\"activeHeader\" , tab.title)  \r\n    \r\n   tabs.value.forEach((tab) => {\r\n-    console.log(stab.title)\r\n+    console.log(stab)\r\n     tab.isActive = tab.title == stab.title\r\n   })\r\n \r\n-  emit(\"activeHeader\" , '2')  \r\n }\r\n </script>\r\n <template>\r\n   <div class=\"header\">\r\n"
                },
                {
                    "date": 1691571960050,
                    "content": "Index: \n===================================================================\n--- \n+++ \n@@ -0,0 +1,66 @@\n+<script setup>\r\n+import { ref, defineProps, defineEmits, computed, shallowRef } from 'vue'\r\n+const tabs = ref([\r\n+  { title: 'currect', isActive: true },\r\n+  { title: 'Past', isActive: false },\r\n+  { title: 'Waitlist', isActive: false }\r\n+])\r\n+const props = defineProps({\r\n+  activeTab: {\r\n+    type: String,\r\n+    default: 'Ticket'\r\n+  }\r\n+})\r\n+\r\n+const emit = defineEmits(['activeHeader'])\r\n+const currentTabView = computed(() => {\r\n+  return tabs.value.find((tab) => tab.isActive).view\r\n+})\r\n+const setActiveTab = (stab) => {\r\n+  emit(\"activeHeader\" , stab)  \r\n+  console.log(stab)\r\n+   \r\n+  tabs.value.forEach((tab) => {\r\n+    tab.isActive = tab.title == stab.title\r\n+  })\r\n+\r\n+}\r\n+</script>\r\n+<template>\r\n+  <div class=\"header\">\r\n+    <div\r\n+      class=\"header__title\"\r\n+      @click=\"setActiveTab(tab)\"\r\n+      v-for=\"(tab, i) in tabs\"\r\n+      :key=\"i\"\r\n+      :class=\"{ active: tab.isActive }\"\r\n+    >\r\n+      {{ tab.title }}\r\n+    </div>\r\n+  </div>\r\n+  {{ currentTabView }}\r\n+  <!-- <component :is=\"currentTabView\"> </component> -->\r\n+</template>\r\n+<style scoped lang=\"scss\">\r\n+.header {\r\n+  display: flex;\r\n+  justify-content: space-between;\r\n+  align-items: center;\r\n+  text-align: center;\r\n+  background-color: rgb(33 135 234);\r\n+  height: 4vh;\r\n+  position: fixed;\r\n+  top: 0;\r\n+  left: 0;\r\n+  right: 0;\r\n+  z-index: 100;\r\n+\r\n+  &__title {\r\n+    width: 200px;\r\n+    color: white;\r\n+  }\r\n+}\r\n+.active {\r\n+  border-bottom: 4.3px solid white;\r\n+}\r\n+</style>\r\n"
                },
                {
                    "date": 1691571973937,
                    "content": "Index: \n===================================================================\n--- \n+++ \n@@ -17,9 +17,9 @@\n   return tabs.value.find((tab) => tab.isActive).view\r\n })\r\n const setActiveTab = (stab) => {\r\n   emit(\"activeHeader\" , stab)  \r\n-  console.log(stab)\r\n+    console.log(stab.title)\r\n    \r\n   tabs.value.forEach((tab) => {\r\n     tab.isActive = tab.title == stab.title\r\n   })\r\n@@ -63,70 +63,4 @@\n .active {\r\n   border-bottom: 4.3px solid white;\r\n }\r\n </style>\r\n-<script setup>\r\n-import { ref, defineProps, defineEmits, computed, shallowRef } from 'vue'\r\n-const tabs = ref([\r\n-  { title: 'currect', isActive: true },\r\n-  { title: 'Past', isActive: false },\r\n-  { title: 'Waitlist', isActive: false }\r\n-])\r\n-const props = defineProps({\r\n-  activeTab: {\r\n-    type: String,\r\n-    default: 'Ticket'\r\n-  }\r\n-})\r\n-\r\n-const emit = defineEmits(['activeHeader'])\r\n-const currentTabView = computed(() => {\r\n-  return tabs.value.find((tab) => tab.isActive).view\r\n-})\r\n-const setActiveTab = (stab) => {\r\n-  emit(\"activeHeader\" , tab.title)  \r\n-   \r\n-  tabs.value.forEach((tab) => {\r\n-    console.log(stab)\r\n-    tab.isActive = tab.title == stab.title\r\n-  })\r\n-\r\n-}\r\n-</script>\r\n-<template>\r\n-  <div class=\"header\">\r\n-    <div\r\n-      class=\"header__title\"\r\n-      @click=\"setActiveTab(tab)\"\r\n-      v-for=\"(tab, i) in tabs\"\r\n-      :key=\"i\"\r\n-      :class=\"{ active: tab.isActive }\"\r\n-    >\r\n-      {{ tab.title }}\r\n-    </div>\r\n-  </div>\r\n-  {{ currentTabView }}\r\n-  <!-- <component :is=\"currentTabView\"> </component> -->\r\n-</template>\r\n-<style scoped lang=\"scss\">\r\n-.header {\r\n-  display: flex;\r\n-  justify-content: space-between;\r\n-  align-items: center;\r\n-  text-align: center;\r\n-  background-color: rgb(33 135 234);\r\n-  height: 4vh;\r\n-  position: fixed;\r\n-  top: 0;\r\n-  left: 0;\r\n-  right: 0;\r\n-  z-index: 100;\r\n-\r\n-  &__title {\r\n-    width: 200px;\r\n-    color: white;\r\n-  }\r\n-}\r\n-.active {\r\n-  border-bottom: 4.3px solid white;\r\n-}\r\n-</style>\r\n"
                },
                {
                    "date": 1691572173011,
                    "content": "Index: \n===================================================================\n--- \n+++ \n@@ -16,11 +16,9 @@\n const currentTabView = computed(() => {\r\n   return tabs.value.find((tab) => tab.isActive).view\r\n })\r\n const setActiveTab = (stab) => {\r\n-  emit(\"activeHeader\" , stab)  \r\n-    console.log(stab.title)\r\n-   \r\n+  emit(\"activeHeader\" , stab.title)  \r\n   tabs.value.forEach((tab) => {\r\n     tab.isActive = tab.title == stab.title\r\n   })\r\n \r\n"
                },
                {
                    "date": 1691572657249,
                    "content": "Index: \n===================================================================\n--- \n+++ \n@@ -40,25 +40,9 @@\n   <!-- <component :is=\"currentTabView\"> </component> -->\r\n </template>\r\n <style scoped lang=\"scss\">\r\n .header {\r\n-  display: flex;\r\n-  justify-content: space-between;\r\n-  align-items: center;\r\n-  text-align: center;\r\n-  background-color: rgb(33 135 234);\r\n-  height: 4vh;\r\n-  position: fixed;\r\n-  top: 0;\r\n-  left: 0;\r\n-  right: 0;\r\n-  z-index: 100;\r\n-\r\n-  &__title {\r\n-    width: 200px;\r\n-    color: white;\r\n+    display: flex;\r\n+    justify-content: space-between;\r\n+    padding: 10px;\r\n   }\r\n-}\r\n-.active {\r\n-  border-bottom: 4.3px solid white;\r\n-}\r\n </style>\r\n"
                },
                {
                    "date": 1691572746741,
                    "content": "Index: \n===================================================================\n--- \n+++ \n@@ -0,0 +1,51 @@\n+<script setup>\r\n+import { ref, defineProps, defineEmits, computed, shallowRef } from 'vue'\r\n+const tabs = ref([\r\n+  { title: 'currect', isActive: true },\r\n+  { title: 'Past', isActive: false },\r\n+  { title: 'Waitlist', isActive: false }\r\n+])\r\n+const props = defineProps({\r\n+  activeTab: {\r\n+    type: String,\r\n+    default: 'Ticket'\r\n+  }\r\n+})\r\n+\r\n+const emit = defineEmits(['activeHeader'])\r\n+const currentTabView = computed(() => {\r\n+  return tabs.value.find((tab) => tab.isActive).view\r\n+})\r\n+const setActiveTab = (stab) => {\r\n+  emit(\"activeHeader\" , stab.title)  \r\n+  tabs.value.forEach((tab) => {\r\n+    tab.isActive = tab.title == stab.title\r\n+  })\r\n+\r\n+}\r\n+</script>\r\n+<template>\r\n+  <div class=\"header\">\r\n+    <div\r\n+      class=\"header__title\"\r\n+      @click=\"setActiveTab(tab)\"\r\n+      v-for=\"(tab, i) in tabs\"\r\n+      :key=\"i\"\r\n+      :class=\"{ active: tab.isActive }\"\r\n+    >\r\n+      {{ tab.title }}\r\n+    </div>\r\n+  </div>\r\n+  {{ currentTabView }}\r\n+  <!-- <component :is=\"currentTabView\"> </component> -->\r\n+</template>\r\n+<style scoped lang=\"scss\">\r\n+.header {\r\n+    display: flex;\r\n+    justify-content: space-between;\r\n+    padding: 10px;\r\n+  }\r\n+  .active {\r\n+    border-bottom: 1px solid black;\r\n+  }\r\n+</style>\r\n"
                },
                {
                    "date": 1691572766135,
                    "content": "Index: \n===================================================================\n--- \n+++ \n@@ -0,0 +1,51 @@\n+<script setup>\r\n+import { ref, defineProps, defineEmits, computed, shallowRef } from 'vue'\r\n+const tabs = ref([\r\n+  { title: 'currect', isActive: true },\r\n+  { title: 'Past', isActive: false },\r\n+  { title: 'Waitlist', isActive: false }\r\n+])\r\n+const props = defineProps({\r\n+  activeTab: {\r\n+    type: String,\r\n+    default: 'Ticket'\r\n+  }\r\n+})\r\n+\r\n+const emit = defineEmits(['activeHeader'])\r\n+const currentTabView = computed(() => {\r\n+  return tabs.value.find((tab) => tab.isActive).view\r\n+})\r\n+const setActiveTab = (stab) => {\r\n+  emit(\"activeHeader\" , stab.title)  \r\n+  tabs.value.forEach((tab) => {\r\n+    tab.isActive = tab.title == stab.title\r\n+  })\r\n+\r\n+}\r\n+</script>\r\n+<template>\r\n+  <div class=\"header\">\r\n+    <div\r\n+      class=\"header__title\"\r\n+      @click=\"setActiveTab(tab)\"\r\n+      v-for=\"(tab, i) in tabs\"\r\n+      :key=\"i\"\r\n+      :class=\"{ active: tab.isActive }\"\r\n+    >\r\n+      {{ tab.title }}\r\n+    </div>\r\n+  </div>\r\n+  {{ currentTabView }}\r\n+  <!-- <component :is=\"currentTabView\"> </component> -->\r\n+</template>\r\n+<style scoped lang=\"scss\">\r\n+.header {\r\n+    display: flex;\r\n+    justify-content: space-between;\r\n+    padding: 10px;\r\n+}\r\n+.active {\r\n+    border-bottom: 1px solid black;\r\n+}\r\n+</style>\r\n"
                },
                {
                    "date": 1691572861119,
                    "content": "Index: \n===================================================================\n--- \n+++ \n@@ -1,18 +1,13 @@\n <script setup>\r\n-import { ref, defineProps, defineEmits, computed, shallowRef } from 'vue'\r\n+import { reF, defineEmits, computed, shallowRef } from 'vue'\r\n const tabs = ref([\r\n   { title: 'currect', isActive: true },\r\n   { title: 'Past', isActive: false },\r\n   { title: 'Waitlist', isActive: false }\r\n ])\r\n-const props = defineProps({\r\n-  activeTab: {\r\n-    type: String,\r\n-    default: 'Ticket'\r\n-  }\r\n-})\r\n \r\n+\r\n const emit = defineEmits(['activeHeader'])\r\n const currentTabView = computed(() => {\r\n   return tabs.value.find((tab) => tab.isActive).view\r\n })\r\n@@ -48,103 +43,4 @@\n .active {\r\n     border-bottom: 1px solid black;\r\n }\r\n </style>\r\n-<script setup>\r\n-import { ref, defineProps, defineEmits, computed, shallowRef } from 'vue'\r\n-const tabs = ref([\r\n-  { title: 'currect', isActive: true },\r\n-  { title: 'Past', isActive: false },\r\n-  { title: 'Waitlist', isActive: false }\r\n-])\r\n-const props = defineProps({\r\n-  activeTab: {\r\n-    type: String,\r\n-    default: 'Ticket'\r\n-  }\r\n-})\r\n-\r\n-const emit = defineEmits(['activeHeader'])\r\n-const currentTabView = computed(() => {\r\n-  return tabs.value.find((tab) => tab.isActive).view\r\n-})\r\n-const setActiveTab = (stab) => {\r\n-  emit(\"activeHeader\" , stab.title)  \r\n-  tabs.value.forEach((tab) => {\r\n-    tab.isActive = tab.title == stab.title\r\n-  })\r\n-\r\n-}\r\n-</script>\r\n-<template>\r\n-  <div class=\"header\">\r\n-    <div\r\n-      class=\"header__title\"\r\n-      @click=\"setActiveTab(tab)\"\r\n-      v-for=\"(tab, i) in tabs\"\r\n-      :key=\"i\"\r\n-      :class=\"{ active: tab.isActive }\"\r\n-    >\r\n-      {{ tab.title }}\r\n-    </div>\r\n-  </div>\r\n-  {{ currentTabView }}\r\n-  <!-- <component :is=\"currentTabView\"> </component> -->\r\n-</template>\r\n-<style scoped lang=\"scss\">\r\n-.header {\r\n-    display: flex;\r\n-    justify-content: space-between;\r\n-    padding: 10px;\r\n-  }\r\n-  .active {\r\n-    border-bottom: 1px solid black;\r\n-  }\r\n-</style>\r\n-<script setup>\r\n-import { ref, defineProps, defineEmits, computed, shallowRef } from 'vue'\r\n-const tabs = ref([\r\n-  { title: 'currect', isActive: true },\r\n-  { title: 'Past', isActive: false },\r\n-  { title: 'Waitlist', isActive: false }\r\n-])\r\n-const props = defineProps({\r\n-  activeTab: {\r\n-    type: String,\r\n-    default: 'Ticket'\r\n-  }\r\n-})\r\n-\r\n-const emit = defineEmits(['activeHeader'])\r\n-const currentTabView = computed(() => {\r\n-  return tabs.value.find((tab) => tab.isActive).view\r\n-})\r\n-const setActiveTab = (stab) => {\r\n-  emit(\"activeHeader\" , stab.title)  \r\n-  tabs.value.forEach((tab) => {\r\n-    tab.isActive = tab.title == stab.title\r\n-  })\r\n-\r\n-}\r\n-</script>\r\n-<template>\r\n-  <div class=\"header\">\r\n-    <div\r\n-      class=\"header__title\"\r\n-      @click=\"setActiveTab(tab)\"\r\n-      v-for=\"(tab, i) in tabs\"\r\n-      :key=\"i\"\r\n-      :class=\"{ active: tab.isActive }\"\r\n-    >\r\n-      {{ tab.title }}\r\n-    </div>\r\n-  </div>\r\n-  {{ currentTabView }}\r\n-  <!-- <component :is=\"currentTabView\"> </component> -->\r\n-</template>\r\n-<style scoped lang=\"scss\">\r\n-.header {\r\n-    display: flex;\r\n-    justify-content: space-between;\r\n-    padding: 10px;\r\n-  }\r\n-</style>\r\n"
                },
                {
                    "date": 1691572881199,
                    "content": "Index: \n===================================================================\n--- \n+++ \n@@ -0,0 +1,45 @@\n+<script setup>\r\n+import { ref, defineEmits, computed, shallowRef } from 'vue'\r\n+const tabs = ref([\r\n+  { title: 'currect', isActive: true },\r\n+  { title: 'Past', isActive: false },\r\n+  { title: 'Waitlist', isActive: false }\r\n+])\r\n+\r\n+\r\n+const emit = defineEmits(['activeHeader'])\r\n+const currentTabView = computed(() => {\r\n+  return tabs.value.find((tab) => tab.isActive).view\r\n+})\r\n+const setActiveTab = (stab) => {\r\n+    emit(\"activeHeader\" , stab.title)  \r\n+        tabs.value.forEach((tab) => {\r\n+        tab.isActive = tab.title == stab.title\r\n+    })\r\n+}\r\n+</script>\r\n+<template>\r\n+    <div class=\"header\">\r\n+        <div\r\n+            class=\"header__title\"\r\n+            @click=\"setActiveTab(tab)\"\r\n+            v-for=\"(tab, i) in tabs\"\r\n+            :key=\"i\"\r\n+            :class=\"{ active: tab.isActive }\"\r\n+        >\r\n+            {{ tab.title }}\r\n+        </div>\r\n+    </div>\r\n+    {{ currentTabView }}\r\n+<!-- <component :is=\"currentTabView\"> </component> -->\r\n+</template>\r\n+<style scoped lang=\"scss\">\r\n+.header {\r\n+    display: flex;\r\n+    justify-content: space-between;\r\n+    padding: 10px;\r\n+}\r\n+.active {\r\n+    border-bottom: 1px solid black;\r\n+}\r\n+</style>\r\n"
                },
                {
                    "date": 1691634049343,
                    "content": "Index: \n===================================================================\n--- \n+++ \n@@ -5,64 +5,17 @@\n   { title: 'Past', isActive: false },\r\n   { title: 'Waitlist', isActive: false }\r\n ])\r\n \r\n-\r\n const emit = defineEmits(['activeHeader'])\r\n const currentTabView = computed(() => {\r\n   return tabs.value.find((tab) => tab.isActive).view\r\n })\r\n const setActiveTab = (stab) => {\r\n-    emit(\"activeHeader\" , stab.title)  \r\n-        tabs.value.forEach((tab) => {\r\n-        tab.isActive = tab.title == stab.title\r\n-    })\r\n-}\r\n-</script>\r\n-<template>\r\n-    <div class=\"header\">\r\n-        <div\r\n-            class=\"header__title\"\r\n-            @click=\"setActiveTab(tab)\"\r\n-            v-for=\"(tab, i) in tabs\"\r\n-            :key=\"i\"\r\n-            :class=\"{ active: tab.isActive }\"\r\n-        >\r\n-            {{ tab.title }}\r\n-        </div>\r\n-    </div>\r\n-    {{ currentTabView }}\r\n-<!-- <component :is=\"currentTabView\"> </component> -->\r\n-</template>\r\n-<style scoped lang=\"scss\">\r\n-.header {\r\n-    display: flex;\r\n-    justify-content: space-between;\r\n-    padding: 10px;\r\n-}\r\n-.active {\r\n-    border-bottom: 1px solid black;\r\n-}\r\n-</style>\r\n-<script setup>\r\n-import { reF, defineEmits, computed, shallowRef } from 'vue'\r\n-const tabs = ref([\r\n-  { title: 'currect', isActive: true },\r\n-  { title: 'Past', isActive: false },\r\n-  { title: 'Waitlist', isActive: false }\r\n-])\r\n-\r\n-\r\n-const emit = defineEmits(['activeHeader'])\r\n-const currentTabView = computed(() => {\r\n-  return tabs.value.find((tab) => tab.isActive).view\r\n-})\r\n-const setActiveTab = (stab) => {\r\n-  emit(\"activeHeader\" , stab.title)  \r\n+  emit('activeHeader', stab.title)\r\n   tabs.value.forEach((tab) => {\r\n     tab.isActive = tab.title == stab.title\r\n   })\r\n-\r\n }\r\n </script>\r\n <template>\r\n   <div class=\"header\">\r\n@@ -80,12 +33,21 @@\n   <!-- <component :is=\"currentTabView\"> </component> -->\r\n </template>\r\n <style scoped lang=\"scss\">\r\n .header {\r\n-    display: flex;\r\n-    justify-content: space-between;\r\n-    padding: 10px;\r\n+  display: flex;\r\n+  justify-content: space-between;\r\n+  border-bottom: 1px solid #ddd;\r\n+  &__title {\r\n+    cursor: pointer;\r\n+    font-weight: 500;\r\n+    color: var(--secondary-color);\r\n+    border-bottom: 1px solid #ddd;\r\n+    transition: 0.4s ease-in;\r\n+    padding: 4px 30px;\r\n+    border-bottom: 1px solid transparent;\r\n+  }\r\n }\r\n .active {\r\n-    border-bottom: 1px solid black;\r\n+  border-bottom: 1px solid black;\r\n }\r\n </style>\r\n"
                }
            ],
            "date": 1691570335392,
            "name": "Commit-0",
            "content": "<script setup>\r\nimport { ref, defineProps, defineEmits, computed, shallowRef } from 'vue'\r\nconst tabs = ref([\r\n  { title: 'currect', isActive: true },\r\n  { title: 'Past', isActive: false },\r\n  { title: 'Waitlist', isActive: false }\r\n])\r\nconst props = defineProps({\r\n  activeTab: {\r\n    type: String,\r\n    default: 'Ticket'\r\n  }\r\n})\r\n\r\nconst emit = defineEmits(['fouce'])\r\nconst currentTabView = computed(() => {\r\n  return tabs.value.find((tab) => tab.isActive).view\r\n})\r\nconst setActiveTab = (stab) => {\r\n  tabs.value.forEach((tab) => {\r\n    tab.isActive = tab.title == stab.title\r\n  })\r\n}\r\n</script>\r\n<template>\r\n  <div class=\"header\">\r\n    <div\r\n      class=\"header__title\"\r\n      @click=\"setActiveTab(tab)\"\r\n      v-for=\"(tab, i) in tabs\"\r\n      :key=\"i\"\r\n      :class=\"{ active: tab.isActive }\"\r\n    >\r\n      {{ tab.title }}\r\n    </div>\r\n  </div>\r\n  {{ currentTabView }}\r\n  <!-- <component :is=\"currentTabView\"> </component> -->\r\n</template>\r\n<style scoped lang=\"scss\">\r\n.header {\r\n  display: flex;\r\n  justify-content: space-between;\r\n  align-items: center;\r\n  text-align: center;\r\n  background-color: rgb(33 135 234);\r\n  height: 4vh;\r\n  position: fixed;\r\n  top: 0;\r\n  left: 0;\r\n  right: 0;\r\n  z-index: 100;\r\n\r\n  &__title {\r\n    width: 200px;\r\n    color: white;\r\n  }\r\n}\r\n.active {\r\n  border-bottom: 4.3px solid white;\r\n}\r\n</style>\r\n"
        }
    ]
}