{
    "sourceFile": "src/components/Loading.vue",
    "activeCommit": 0,
    "commits": [
        {
            "activePatchIndex": 2,
            "patches": [
                {
                    "date": 1691132246103,
                    "content": "Index: \n===================================================================\n--- \n+++ \n"
                },
                {
                    "date": 1691132284486,
                    "content": "Index: \n===================================================================\n--- \n+++ \n@@ -0,0 +1,69 @@\n+<template>\r\n+  <transition name=\"fade\">\r\n+    <div class=\"loading\" v-if=\"loading\">\r\n+      <div class=\"loading__text\"></div>\r\n+    </div>\r\n+  </transition>\r\n+</template>\r\n+\r\n+<script setup>\r\n+import { defineProps } from 'vue'\r\n+\r\n+const props = defineProps({\r\n+  loading: {\r\n+    type: Boolean,\r\n+    default: false\r\n+  }\r\n+})\r\n+</script>\r\n+\r\n+<style scoped lang=\"scss\">\r\n+.loading {\r\n+  position: absolute;\r\n+  height: 100vh;\r\n+  top: 50%;\r\n+  left: 0;\r\n+  right: 0;\r\n+  width: 100%;\r\n+  margin: auto;\r\n+  padding: 10px 0;\r\n+  color: black;\r\n+  text-align: center;\r\n+  font-size: 35px;\r\n+  z-index: 100;\r\n+  align-items: center;\r\n+  justify-content: center;\r\n+  display: flex;\r\n+  background: rgba(0, 0, 0, 0.5);\r\n+\r\n+  &__text {\r\n+    border: 16px solid #f3f3f3;\r\n+    border-radius: 50%;\r\n+    border-top: 16px solid #3498db;\r\n+    width: 120px;\r\n+    height: 120px;\r\n+    -webkit-animation: spin 2s linear infinite;\r\n+    animation: spin 2s linear infinite;\r\n+  }\r\n+\r\n+  /* Safari */\r\n+  @-webkit-keyframes spin {\r\n+    0% {\r\n+      -webkit-transform: rotate(0deg);\r\n+    }\r\n+    100% {\r\n+      -webkit-transform: rotate(360deg);\r\n+    }\r\n+  }\r\n+\r\n+  @keyframes spin {\r\n+    0% {\r\n+      transform: rotate(0deg);\r\n+    }\r\n+    100% {\r\n+      transform: rotate(360deg);\r\n+    }\r\n+  }\r\n+}\r\n+\r\n+</style>\r\n"
                },
                {
                    "date": 1691132772506,
                    "content": "Index: \n===================================================================\n--- \n+++ \n@@ -20,9 +20,8 @@\n <style scoped lang=\"scss\">\r\n .loading {\r\n   position: absolute;\r\n   height: 100vh;\r\n-  top: 50%;\r\n   left: 0;\r\n   right: 0;\r\n   width: 100%;\r\n   margin: auto;\r\n"
                }
            ],
            "date": 1691132246103,
            "name": "Commit-0",
            "content": "<template>\r\n  <transition name=\"fade\">\r\n    <div class=\"loading\" v-if=\"loading\">\r\n      <div class=\"loading__text\"></div>\r\n    </div>\r\n  </transition>\r\n</template>\r\n\r\n<script setup>\r\nimport { defineProps } from 'vue'\r\n\r\nconst props = defineProps({\r\n  loading: {\r\n    type: Boolean,\r\n    default: false\r\n  }\r\n})\r\n</script>\r\n\r\n<style scoped lang=\"scss\">\r\n.loading {\r\n  position: absolute;\r\n  height: 100vh;\r\n  /* bottom: 50%; */\r\n  left: 0;\r\n  right: 0;\r\n  width: 100%;\r\n  margin: auto;\r\n  padding: 10px 0;\r\n  color: black;\r\n  text-align: center;\r\n  font-size: 35px;\r\n  z-index: 100;\r\n  align-items: center;\r\n  justify-content: center;\r\n  display: flex;\r\n  background: rgba(0, 0, 0, 0.5);\r\n  max-width: 100%;\r\n\r\n  &__text {\r\n    border: 16px solid #f3f3f3;\r\n    border-radius: 50%;\r\n    border-top: 16px solid #3498db;\r\n    width: 120px;\r\n    height: 120px;\r\n    -webkit-animation: spin 2s linear infinite;\r\n    animation: spin 2s linear infinite;\r\n  }\r\n\r\n  /* Safari */\r\n  @-webkit-keyframes spin {\r\n    0% {\r\n      -webkit-transform: rotate(0deg);\r\n    }\r\n    100% {\r\n      -webkit-transform: rotate(360deg);\r\n    }\r\n  }\r\n\r\n  @keyframes spin {\r\n    0% {\r\n      transform: rotate(0deg);\r\n    }\r\n    100% {\r\n      transform: rotate(360deg);\r\n    }\r\n  }\r\n}\r\n</style>\r\n"
        }
    ]
}