{
    "sourceFile": "src/utils/cookie.js",
    "activeCommit": 0,
    "commits": [
        {
            "activePatchIndex": 1,
            "patches": [
                {
                    "date": 1691469324335,
                    "content": "Index: \n===================================================================\n--- \n+++ \n"
                },
                {
                    "date": 1691469341124,
                    "content": "Index: \n===================================================================\n--- \n+++ \n@@ -0,0 +1,5 @@\n+import Cookies from \"js-cookie\"\r\n+import CacheKey from \"../constants/cache-key\"\r\n+export const getToken = () => {\r\n+    return Cookies.get(CacheKey.TOKEN)\r\n+}\n\\ No newline at end of file\n"
                }
            ],
            "date": 1691469324335,
            "name": "Commit-0",
            "content": "import Cookies from \"js-cookie\"\r\nimport CacheKey from \"@/constants/cache-key\"\r\nexport const getToken = () => {\r\n    return Cookies.get(CacheKey.TOKEN)\r\n}"
        }
    ]
}